00728 第一金工業30--201502-202502,,,,,,,,
,,,,,,,,
年月,標的碼,標的名稱,投資股數(千股),投資比率％,投資金額(千元),持股數/流通在外股數%,個股月報酬率％,ISIN
2025/02,1590,亞德客-KY,51,3.18,"49,218",0.03,11.366,KYG014081064
2025/02,2059,川湖,28,3.56,"55,165",0.03,30.9211,TW0002059003
2025/02,2303,聯電,"3,940",11.12,"172,178",0.03,8.7064,TW0002303005
2025/02,2330,台積電,439,29.48,"456,602",0,-8.3701,TW0002330008
2025/02,2395,研華,168,4.41,"68,364",0.02,7.1242,TW0002395001
2025/02,2474,可成,227,3.03,"46,876",0.03,3.769,TW0002474004
2025/02,3008,大立光,37,6.37,"98,685",0.03,-1.8182,TW0003008009
2025/02,3034,聯詠,198,6.97,"107,910",0.03,4.0076,TW0003034005
2025/02,3533,嘉澤,33,3.55,"54,933",0.03,-11.968,TW0003533006
2025/02,3653,健策,37,3.16,"48,956",0.03,-3.2492,TW0003653002
2025/02,M1500,電機機械,,3.18,"49,218",,4.5146,
2025/02,M2300,電子工業,,71.66,"1,109,668",,-4.4381,
2025/02,MTSE,國內上市,,74.83,"1,158,885",,-2.0073,
2025/02,TT99,基金總規模,,,"1,548,619",,,
2025/01,1590,亞德客-KY,51,2.78,"44,195",0.03,3.199,KYG014081064
2025/01,2303,聯電,"4,033",10.21,"162,127",0.03,-6.6203,TW0002303005
2025/01,2330,台積電,450,32.14,"510,249",0,5.5815,TW0002330008
2025/01,2360,致茂,134,3.2,"50,853",0.03,-7.2125,TW0002360005
2025/01,2395,研華,171,4.09,"64,955",0.02,9.3795,TW0002395001
2025/01,2474,可成,232,2.91,"46,168",0.03,2.5771,TW0002474004
2025/01,3008,大立光,37,6.48,"102,922",0.03,2.8037,TW0003008009
2025/01,3034,聯詠,202,6.67,"105,848",0.03,4.3822,TW0003034005
2025/01,3533,嘉澤,34,4.02,"63,897",0.03,-3.8365,TW0003533006
2025/01,3653,健策,37,3.26,"51,811",0.03,-9.1803,TW0003653002
2025/01,M1500,電機機械,,2.78,"44,195",,-3.1986,
2025/01,M2300,電子工業,,72.98,"1,158,830",,2.7295,
2025/01,MTSE,國內上市,,75.77,"1,203,025",,2.1287,
2025/01,TT99,基金總規模,,,"1,587,793",,,
2024/12,1229,聯華,445,1.42,"22,571",0.03,-13.4813,TW0001229003
2024/12,1476,儒鴻,70,2.24,"35,604",0.03,-3.9624,TW0001476000
2024/12,1477,聚陽,86,1.73,"27,498",0.03,0.156,TW0001477008
2024/12,1590,亞德客-KY,52,2.75,"43,710",0.03,6.8355,KYG014081064
2024/12,1722,台肥,286,0.92,"14,623",0.03,-8.587,TW0001722007
2024/12,1773,勝一,49,0.49,"7,788",0.02,-4.5181,TW0001773000
2024/12,2049,上銀,113,2.34,"37,194",0.03,42.1165,TW0002049004
2024/12,2059,川湖,29,2.8,"44,505",0.03,6.1644,TW0002059003
2024/12,2211,長榮鋼,107,0.6,"9,537",0.03,-9.625,TW0002211000
2024/12,2303,聯電,"4,076",11.04,"175,478",0.03,-1.1483,TW0002303005
2024/12,2330,台積電,454,30.72,"488,286",0,8.3391,TW0002330008
2024/12,2360,致茂,135,3.47,"55,155",0.03,-0.8486,TW0002360005
2024/12,2395,研華,173,3.78,"60,082",0.02,3.2785,TW0002395001
2024/12,2441,超豐,127,0.47,"7,471",0.02,3.5274,TW0002441003
2024/12,2451,創見,132,0.72,"11,444",0.03,-5.3551,TW0002451002
2024/12,2458,義隆,103,0.98,"15,577",0.03,3.0715,TW0002458007
2024/12,2474,可成,234,2.86,"45,459",0.03,2.698,TW0002474004
2024/12,2504,國產,376,1.17,"18,597",0.03,-8.3334,TW0002504008
2024/12,3008,大立光,38,6.36,"101,090",0.03,9.8564,TW0003008009
2024/12,3034,聯詠,204,6.44,"102,362",0.03,3.7189,TW0003034005
2024/12,3042,晶技,122,0.77,"12,239",0.04,-4.2858,TW0003042008
2024/12,3533,嘉澤,34,4.22,"67,076",0.03,9.2179,TW0003533006
2024/12,3653,健策,38,3.63,"57,698",0.03,10.1085,TW0003653002
2024/12,4583,台灣精銳,7,0.41,"6,517",0.01,37.0206,TW0004583000
2024/12,4961,天鈺,46,0.68,"10,808",0.04,-3.1249,TW0004961008
2024/12,5269,祥碩,18,2.24,"35,604",0.02,22.9102,TW0005269005
2024/12,6271,同欣電,73,0.64,"10,173",0.04,7.7519,TW0006271000
2024/12,6491,晶碩,19,0.45,"7,153",0.02,0.6675,TW0006491004
2024/12,6531,愛普*,52,1.04,"16,531",0.03,4.2832,TW0006531007
2024/12,8046,南電,83,0.68,"10,808",0.01,12.0172,TW0008046004
2024/12,M1200,食品工業,,1.42,"22,571",,-6.4639,
2024/12,M1400,紡織纖維,,3.97,"63,102",,-4.1986,
2024/12,M1500,電機機械,,5.5,"87,421",,5.9027,
2024/12,M1700,化學生技醫療,,1.86,"29,564",,-3.3812,
2024/12,M2000,鋼鐵工業,,0.6,"9,537",,-7.0871,
2024/12,M2300,電子工業,,83.54,"1,327,845",,5.8726,
2024/12,M2500,建材營造,,1.17,"18,597",,-4.7719,
2024/12,MTSE,國內上市,,98.06,"1,558,637",,3.4705,
2024/12,TT99,基金總規模,,,"1,589,473",,,
2024/11,2059,川湖,29,2.71,"41,939",0.03,16.7998,TW0002059003
2024/11,2303,聯電,"4,081",11.49,"177,728",0.03,-9.5535,TW0002303005
2024/11,2330,台積電,455,29.3,"453,115",0,-3.3009,TW0002330008
2024/11,2360,致茂,136,3.63,"56,100",0.03,-0.7222,TW0002360005
2024/11,2395,研華,173,3.76,"58,171",0.02,4.8437,TW0002395001
2024/11,2474,可成,235,2.99,"46,178",0.03,-16.7373,TW0002474004
2024/11,3008,大立光,38,5.96,"92,221",0.03,6.5645,TW0003008009
2024/11,3034,聯詠,205,6.42,"99,220",0.03,-3.7774,TW0003034005
2024/11,3533,嘉澤,34,3.98,"61,565",0.03,6.8658,TW0003533006
2024/11,3653,健策,38,3.39,"52,432",0.03,-6.1016,TW0003653002
2024/11,M2300,電子工業,,73.63,"1,138,667",,-2.7378,
2024/11,MTSE,國內上市,,73.63,"1,138,667",,-2.4448,
2024/11,TT99,基金總規模,,,"1,546,566",,,
2024/10,1590,亞德客-KY,51,2.85,"45,362",0.03,-2.081,KYG014081064
2024/10,2303,聯電,"3,745",11.31,"180,322",0.03,-10.5018,TW0002303005
2024/10,2330,台積電,537,34.72,"553,594",0,7.628,TW0002330008
2024/10,2360,致茂,143,3.73,"59,417",0.03,11.2449,TW0002360005
2024/10,2395,研華,157,3.16,"50,363",0.02,-0.4666,TW0002395001
2024/10,2474,可成,232,3.43,"54,752",0.03,-0.2114,TW0002474004
2024/10,3008,大立光,30,4.37,"69,610",0.02,-10.0396,TW0003008009
2024/10,3034,聯詠,184,5.81,"92,552",0.03,-2.8957,TW0003034005
2024/10,3533,嘉澤,35,3.64,"58,020",0.03,20.9388,TW0003533006
2024/10,3653,健策,38,3.52,"56,162",0.03,13.8993,TW0003653002
2024/10,M1500,電機機械,,2.85,"45,362",,-4.004,
2024/10,M2300,電子工業,,73.69,"1,174,792",,5.4933,
2024/10,MTSE,國內上市,,76.53,"1,220,154",,2.6812,
2024/10,TT99,基金總規模,,,"1,594,277",,,
2024/09,1229,聯華,432,1.67,"26,641",0.03,-2.0633,TW0001229003
2024/09,1476,儒鴻,69,2.36,"37,648",0.03,1.679,TW0001476000
2024/09,1477,聚陽,84,1.83,"29,193",0.03,-5.4659,TW0001477008
2024/09,1590,亞德客-KY,52,2.96,"47,219",0.03,7.7705,KYG014081064
2024/09,1722,台肥,281,1.02,"16,272",0.03,-3.1719,TW0001722007
2024/09,1773,勝一,47,0.52,"8,295",0.02,7.8788,TW0001773000
2024/09,2049,上銀,112,1.5,"23,929",0.03,-0.9259,TW0002049004
2024/09,2059,川湖,28,1.96,"31,267",0.03,-13.0433,TW0002059003
2024/09,2211,長榮鋼,104,0.77,"12,283",0.02,-4.4357,TW0002211000
2024/09,2303,聯電,"3,819",12.88,"205,468",0.03,-3.0634,TW0002303005
2024/09,2330,台積電,548,32.86,"524,198",0,1.8084,TW0002330008
2024/09,2360,致茂,146,3.42,"54,557",0.03,14.3951,TW0002360005
2024/09,2395,研華,160,3.23,"51,526",0.02,-7.8797,TW0002395001
2024/09,2441,超豐,117,0.43,"6,860",0.02,-2.6621,TW0002441003
2024/09,2458,義隆,101,0.9,"14,357",0.03,-0.3309,TW0002458007
2024/09,2474,可成,236,3.5,"55,834",0.03,0.2119,TW0002474004
2024/09,2504,國產,369,1.21,"19,302",0.03,-4.5621,TW0002504008
2024/09,3008,大立光,31,4.95,"78,965",0.02,-18.5899,TW0003008009
2024/09,3034,聯詠,188,6.1,"97,310",0.03,-4.0741,TW0003034005
2024/09,3042,晶技,108,0.74,"11,805",0.03,-5.2174,TW0003042008
2024/09,3533,嘉澤,35,3.07,"48,974",0.03,-9.4771,TW0003533006
2024/09,3653,健策,39,3.15,"50,250",0.03,-4.428,TW0003653002
2024/09,4961,天鈺,45,0.76,"12,124",0.04,-0.3737,TW0004961008
2024/09,5269,祥碩,13,1.33,"21,217",0.02,-8.7573,TW0005269005
2024/09,6271,同欣電,71,0.62,"9,891",0.03,-1.4086,TW0006271000
2024/09,6491,晶碩,18,0.51,"8,136",0.02,2.9818,TW0006491004
2024/09,6531,愛普*,51,0.97,"15,474",0.03,-6.1824,TW0006531007
2024/09,6781,AES-KY,12,0.38,"6,062",0.01,-3.0099,KYG0097V1086
2024/09,8016,矽創,41,0.59,"9,412",0.03,-2.3505,TW0008016007
2024/09,8046,南電,81,0.72,"11,486",0.01,-3.0612,TW0008046004
2024/09,M1200,食品工業,,1.67,"26,641",,2.2853,
2024/09,M1400,紡織纖維,,4.19,"66,841",,0.6657,
2024/09,M1500,電機機械,,4.46,"71,148",,1.5811,
2024/09,M1700,化學生技醫療,,2.05,"32,703",,-1.1755,
2024/09,M2000,鋼鐵工業,,0.77,"12,283",,1.8706,
2024/09,M2300,電子工業,,82.56,"1,317,035",,-0.7938,
2024/09,M2500,建材營造,,1.21,"19,302",,-11.234,
2024/09,MTSE,國內上市,,96.91,"1,545,952",,-0.1954,
2024/09,TT99,基金總規模,,,"1,595,245",,,
2024/08,1590,亞德客-KY,52,2.69,"44,755",0.03,3.3452,KYG014081064
2024/08,2303,聯電,"3,884",12.97,"215,562",0.03,10.1187,TW0002303005
2024/08,2330,台積電,557,31.62,"525,547",0,1.0709,TW0002330008
2024/08,2360,致茂,149,2.93,"48,649",0.04,8.4718,TW0002360005
2024/08,2395,研華,163,3.43,"57,021",0.02,0.7216,TW0002395001
2024/08,2474,可成,240,3.41,"56,640",0.04,10.7979,TW0002474004
2024/08,3008,大立光,32,5.93,"98,561",0.02,12.4679,TW0003008009
2024/08,3034,聯詠,191,6.21,"103,140",0.03,3.2503,TW0003034005
2024/08,3533,嘉澤,36,3.31,"54,955",0.03,11.9936,TW0003533006
2024/08,3653,健策,39,3.22,"53,499",0.03,16.8101,TW0003653002
2024/08,M1500,電機機械,,2.69,"44,755",,0.9134,
2024/08,M2300,電子工業,,73.03,"1,213,573",,1.1137,
2024/08,MTSE,國內上市,,75.72,"1,258,328",,0.3097,
2024/08,TT99,基金總規模,,,"1,661,844",,,
2024/07,1590,亞德客-KY,55,2.72,"45,817",0.03,-15.2833,KYG014081064
2024/07,2303,聯電,"4,074",12.18,"205,330",0.03,-4.3642,TW0002303005
2024/07,2330,台積電,584,32.33,"545,197",0,-3.3125,TW0002330008
2024/07,2360,致茂,156,2.78,"46,956",0.04,-5.3458,TW0002360005
2024/07,2395,研華,171,3.52,"59,385",0.02,-3.963,TW0002395001
2024/07,2474,可成,252,3.18,"53,676",0.04,-6.1675,TW0002474004
2024/07,3008,大立光,33,5.53,"93,272",0.02,2.5501,TW0003008009
2024/07,3034,聯詠,200,6.2,"104,600",0.03,-8.8513,TW0003034005
2024/07,3533,嘉澤,38,3.11,"52,368",0.03,-14.724,TW0003533006
2024/07,3653,健策,41,2.85,"48,040",0.03,-2.5802,TW0003653002
2024/07,M1500,電機機械,,2.72,"45,817",,-11.1838,
2024/07,M2300,電子工業,,71.68,"1,208,824",,-5.3369,
2024/07,MTSE,國內上市,,74.4,"1,254,642",,-3.6162,
2024/07,TT99,基金總規模,,,"1,686,395",,,
2024/06,1229,聯華,442,1.64,"30,166",0.03,0.7375,TW0001229003
2024/06,1476,儒鴻,77,2.21,"40,650",0.03,9.0721,TW0001476000
2024/06,1477,聚陽,91,2.08,"38,259",0.04,9.3507,TW0001477008
2024/06,1590,亞德客-KY,57,3.04,"55,917",0.03,-3.1372,KYG014081064
2024/06,1722,台肥,309,1.08,"19,865",0.03,0.7836,TW0001722007
2024/06,1773,勝一,52,0.42,"7,725",0.02,-7.5752,TW0001773000
2024/06,2049,上銀,124,1.44,"26,487",0.04,-4.2696,TW0002049004
2024/06,2059,川湖,31,2.11,"38,811",0.03,10.2223,TW0002059003
2024/06,2211,長榮鋼,115,0.87,"16,003",0.03,-1.7604,TW0002211000
2024/06,2303,聯電,"4,210",12.75,"234,521",0.03,1.2727,TW0002303005
2024/06,2330,台積電,604,31.72,"583,451",0,18.1093,TW0002330008
2024/06,2360,致茂,161,2.78,"51,135",0.04,14.1272,TW0002360005
2024/06,2395,研華,176,3.55,"65,298",0.02,4.8159,TW0002395001
2024/06,2441,超豐,129,0.44,"8,093",0.02,-0.317,TW0002441003
2024/06,2458,義隆,111,0.93,"17,106",0.04,-5.5215,TW0002458007
2024/06,2474,可成,261,3.29,"60,516",0.04,3.3407,TW0002474004
2024/06,2504,國產,410,0.96,"17,658",0.03,-3.3364,TW0002504008
2024/06,3008,大立光,34,5.11,"93,992",0.03,20.6596,TW0003008009
2024/06,3034,聯詠,207,6.82,"125,446",0.03,2.1921,TW0003034005
2024/06,3042,晶技,120,0.75,"13,795",0.04,5.8224,TW0003042008
2024/06,3533,嘉澤,39,3.45,"63,459",0.03,1.5576,TW0003533006
2024/06,3653,健策,43,2.79,"51,319",0.03,15.9419,TW0003653002
2024/06,4961,天鈺,49,0.73,"13,427",0.04,11.3527,TW0004961008
2024/06,5269,祥碩,14,1.76,"32,373",0.02,12.0001,TW0005269005
2024/06,6271,同欣電,77,0.63,"11,588",0.04,0.2846,TW0006271000
2024/06,6491,晶碩,19,0.49,"9,013",0.02,3.4965,TW0006491004
2024/06,6531,愛普*,56,1.18,"21,705",0.03,14.0624,TW0006531007
2024/06,6781,AES-KY,13,0.45,"8,277",0.02,-2.0186,KYG0097V1086
2024/06,8016,矽創,46,0.65,"11,956",0.04,3.9424,TW0008016007
2024/06,8046,南電,89,0.9,"16,554",0.01,-4.8593,TW0008046004
2024/06,M1200,食品工業,,1.64,"30,166",,1.6986,
2024/06,M1400,紡織纖維,,4.29,"78,909",,3.8768,
2024/06,M1500,電機機械,,4.48,"82,404",,9.3718,
2024/06,M1700,化學生技醫療,,1.99,"36,604",,6.7613,
2024/06,M2000,鋼鐵工業,,0.87,"16,003",,-1.8163,
2024/06,M2300,電子工業,,82.79,"1,522,823",,12.1206,
2024/06,M2500,建材營造,,0.96,"17,658",,-1.0582,
2024/06,MTSE,國內上市,,97.02,"1,784,566",,8.7752,
2024/06,TT99,基金總規模,,,"1,839,380",,,
2024/05,1590,亞德客-KY,58,3.42,"59,339",0.03,-12.0688,KYG014081064
2024/05,2303,聯電,"4,325",13.69,"237,875",0.03,8.4813,TW0002303005
2024/05,2330,台積電,620,29.3,"509,020",0,3.9242,TW0002330008
2024/05,2360,致茂,166,2.72,"47,310",0.04,6.9418,TW0002360005
2024/05,2395,研華,181,3.69,"64,029",0.02,-7.1052,TW0002395001
2024/05,2474,可成,268,3.46,"60,166",0.04,2.9816,TW0002474004
2024/05,3008,大立光,35,4.61,"80,037",0.03,4.1191,TW0003008009
2024/05,3034,聯詠,212,7.24,"125,716",0.03,-4.0455,TW0003034005
2024/05,3533,嘉澤,40,3.7,"64,203",0.04,11.4582,TW0003533006
2024/05,3653,健策,44,2.62,"45,510",0.03,5.9362,TW0003653002
2024/05,M1500,電機機械,,3.42,"59,339",,-8.5908,
2024/05,M2300,電子工業,,71.02,"1,233,866",,4.9547,
2024/05,MTSE,國內上市,,74.43,"1,293,204",,3.8128,
2024/05,TT99,基金總規模,,,"1,737,462",,,
2024/04,1301,台塑,"1,117",4.2,"76,515",0.02,-0.5805,TW0001301000
2024/04,1303,南亞,"1,157",3.6,"65,602",0.01,1.2502,TW0001303006
2024/04,2330,台積電,730,31.63,"576,700",0,1.4123,TW0002330008
2024/04,2395,研華,158,3.3,"60,186",0.02,-5.9405,TW0002395001
2024/04,2454,聯發科,318,17.29,"315,288",0.02,-16.9876,TW0002454006
2024/04,2474,可成,254,3.04,"55,372",0.04,-0.4566,TW0002474004
2024/04,3008,大立光,27,3.18,"57,937",0.02,-10.634,TW0003008009
2024/04,3034,聯詠,120,4.07,"74,160",0.02,2.3177,TW0003034005
2024/04,3533,嘉澤,32,2.53,"46,149",0.03,2.8571,TW0003533006
2024/04,6415,矽力*-KY,106,2.53,"46,147",0.03,33.0793,KYG8190F1028
2024/04,M1300,塑膠工業,,7.79,"142,116",,1.1105,
2024/04,M2300,電子工業,,67.56,"1,231,940",,-0.9679,
2024/04,MTSE,國內上市,,75.36,"1,374,056",,0.5034,
2024/04,TT99,基金總規模,,,"1,823,413",,,
2024/03,1229,聯華,435,1.53,"29,541",0.03,3.6641,TW0001229003
2024/03,1301,台塑,"1,143",4.08,"78,777",0.02,-3.9052,TW0001301000
2024/03,1303,南亞,"1,186",3.44,"66,420",0.02,-6.1978,TW0001303006
2024/03,1476,儒鴻,74,2.12,"40,933",0.03,2.4071,TW0001476000
2024/03,1707,葡萄王,54,0.44,"8,496",0.04,2.2581,TW0001707008
2024/03,1722,台肥,313,1.02,"19,694",0.03,-5.4053,TW0001722007
2024/03,2049,上銀,120,1.71,"33,017",0.03,14.7916,TW0002049004
2024/03,2059,川湖,32,2.04,"39,388",0.03,-7.7494,TW0002059003
2024/03,2108,南帝,152,0.26,"5,020",0.03,-3.5487,TW0002108008
2024/03,2330,台積電,748,30.18,"582,715",0,13.4159,TW0002330008
2024/03,2360,致茂,159,2.1,"40,547",0.04,9.4423,TW0002360005
2024/03,2395,研華,162,3.4,"65,647",0.02,3.5895,TW0002395001
2024/03,2408,南亞科,473,1.66,"32,051",0.02,0.5945,TW0002408002
2024/03,2441,超豐,150,0.48,"9,268",0.03,3.1771,TW0002441003
2024/03,2454,聯發科,326,20.15,"389,056",0.02,4.8246,TW0002454006
2024/03,2458,義隆,118,0.96,"18,536",0.04,-3.6228,TW0002458007
2024/03,2474,可成,260,2.95,"56,959",0.04,11.1676,TW0002474004
2024/03,3008,大立光,27,3.44,"66,420",0.02,-4.041,TW0003008009
2024/03,3034,聯詠,123,3.85,"74,336",0.02,0.4991,TW0003034005
2024/03,3042,晶技,128,0.75,"14,481",0.04,13.2266,TW0003042008
2024/03,3532,台勝科,48,0.41,"7,916",0.01,6.3899,TW0003532008
2024/03,3533,嘉澤,33,2.38,"45,953",0.03,36.5853,TW0003533006
2024/03,3653,健策,40,1.93,"37,264",0.03,0.2177,TW0003653002
2024/03,4961,天鈺,48,0.67,"12,936",0.04,10.9734,TW0004961008
2024/03,5269,祥碩,15,1.8,"34,754",0.02,1.6985,TW0005269005
2024/03,6271,同欣電,81,0.61,"11,778",0.04,-3.9605,TW0006271000
2024/03,6415,矽力*-KY,108,1.83,"35,334",0.03,-20.8715,KYG8190F1028
2024/03,6491,晶碩,19,0.45,"8,689",0.02,13.6421,TW0006491004
2024/03,6515,穎崴,12,0.45,"8,689",0.03,-6.2579,TW0006515000
2024/03,8016,矽創,49,0.74,"14,288",0.04,0.5174,TW0008016007
2024/03,M1200,食品工業,,1.53,"29,541",,1.8505,
2024/03,M1300,塑膠工業,,7.52,"145,196",,-4.6368,
2024/03,M1400,紡織纖維,,2.12,"40,933",,0.526,
2024/03,M1500,電機機械,,1.71,"33,017",,11.8483,
2024/03,M1700,化學生技醫療,,1.91,"36,878",,-0.2184,
2024/03,M2100,橡膠工業,,0.26,"5,020",,3.7404,
2024/03,M2300,電子工業,,82.78,"1,598,316",,9.2822,
2024/03,MTSE,國內上市,,97.83,"1,888,901",,6.9999,
2024/03,TT99,基金總規模,,,"1,930,800",,,
2024/02,1301,台塑,"1,352",4.48,"96,938",0.02,-0.5549,TW0001301000
2024/02,1303,南亞,"1,401",3.86,"83,640",0.02,-1.9704,TW0001303006
2024/02,2059,川湖,37,2.33,"50,392",0.04,30.2887,TW0002059003
2024/02,2330,台積電,884,28.16,"609,960",0,9.8725,TW0002330008
2024/02,2395,研華,191,3.45,"74,640",0.02,15.5554,TW0002395001
2024/02,2454,聯發科,385,20.26,"438,758",0.02,18.0125,TW0002454006
2024/02,2474,可成,308,2.8,"60,676",0.05,1.2854,TW0002474004
2024/02,3008,大立光,32,3.84,"83,165",0.02,4.0162,TW0003008009
2024/02,3034,聯詠,145,4.02,"87,145",0.02,17.6126,TW0003034005
2024/02,6415,矽力*-KY,128,2.46,"53,259",0.03,8.1712,KYG8190F1028
2024/02,M1300,塑膠工業,,8.34,"180,578",,-0.668,
2024/02,M2300,電子工業,,67.31,"1,457,995",,7.261,
2024/02,MTSE,國內上市,,75.64,"1,638,573",,6.0213,
2024/02,TT99,基金總規模,,,"2,166,158",,,
2024/01,1301,台塑,"1,472",4.95,"106,131",0.02,-8.9647,TW0001301000
2024/01,1303,南亞,"1,525",4.33,"92,873",0.02,-8.4212,TW0001303006
2024/01,1476,儒鴻,95,2.42,"51,965",0.03,-2.6691,TW0001476000
2024/01,2330,台積電,963,28.2,"604,764",0,5.9022,TW0002330008
2024/01,2395,研華,208,3.28,"70,330",0.02,-9.2742,TW0002395001
2024/01,2454,聯發科,419,18.86,"404,377",0.03,-2.3047,TW0002454006
2024/01,2474,可成,335,3.04,"65,158",0.05,0.2577,TW0002474004
2024/01,3008,大立光,35,4.06,"87,050",0.03,-13.2404,TW0003008009
2024/01,3034,聯詠,158,3.77,"80,738",0.03,-1.1606,TW0003034005
2024/01,6415,矽力*-KY,139,2.49,"53,477",0.04,-22.9,KYG8190F1028
2024/01,M1300,塑膠工業,,9.28,"199,004",,-8.2167,
2024/01,M1400,紡織纖維,,2.42,"51,965",,-1.9913,
2024/01,M2300,電子工業,,63.7,"1,365,894",,1.6066,
2024/01,MTSE,國內上市,,75.41,"1,616,862",,-0.2299,
2024/01,TT99,基金總規模,,,"2,144,191",,,
2023/12,1229,聯華,584,1.69,"38,967",0.04,-2.4855,TW0001229003
2023/12,1301,台塑,"1,537",5.28,"121,743",0.02,-1.9801,TW0001301000
2023/12,1303,南亞,"1,591",4.59,"105,834",0.02,-2.3496,TW0001303006
2023/12,1476,儒鴻,99,2.41,"55,568",0.04,-5.2276,TW0001476000
2023/12,1707,葡萄王,71,0.48,"11,068",0.05,1.6287,TW0001707008
2023/12,1722,台肥,420,1.23,"28,361",0.04,6.1223,TW0001722007
2023/12,2049,上銀,161,1.64,"37,814",0.05,2.8448,TW0002049004
2023/12,2059,川湖,42,1.66,"38,275",0.04,4.6964,TW0002059003
2023/12,2108,南帝,208,0.34,"7,840",0.04,-1.5707,TW0002108008
2023/12,2330,台積電,"1,006",25.87,"596,496",0,3.3028,TW0002330008
2023/12,2360,致茂,214,1.98,"45,654",0.05,-0.9303,TW0002360005
2023/12,2395,研華,218,3.52,"81,162",0.03,5.2331,TW0002395001
2023/12,2408,南亞科,639,2.16,"49,804",0.02,4.0001,TW0002408002
2023/12,2441,超豐,200,0.53,"12,220",0.04,1.4925,TW0002441003
2023/12,2454,聯發科,438,19.26,"444,086",0.03,7.4072,TW0002454006
2023/12,2458,義隆,159,1.12,"25,824",0.05,7.2607,TW0002458007
2023/12,2474,可成,349,2.94,"67,789",0.05,2.4607,TW0002474004
2023/12,3008,大立光,36,4.54,"104,681",0.03,20.0838,TW0003008009
2023/12,3034,聯詠,165,3.7,"85,313",0.03,1.1741,TW0003034005
2023/12,3042,晶技,173,0.74,"17,063",0.06,-4.2718,TW0003042008
2023/12,3532,台勝科,64,0.47,"10,837",0.02,2.7438,TW0003532008
2023/12,3533,嘉澤,44,2.05,"47,268",0.04,15.5506,TW0003533006
2023/12,3653,健策,55,1.82,"41,965",0.04,18.6727,TW0003653002
2023/12,4961,天鈺,64,0.72,"16,601",0.05,-8.8495,TW0004961008
2023/12,5269,祥碩,20,1.54,"35,508",0.03,26.0416,TW0005269005
2023/12,6271,同欣電,108,0.74,"17,063",0.05,-6.2498,TW0006271000
2023/12,6415,矽力*-KY,145,3.14,"72,400",0.04,17.647,KYG8190F1028
2023/12,6491,晶碩,25,0.43,"9,915",0.03,-1.6127,TW0006491004
2023/12,6515,穎崴,16,0.58,"13,373",0.05,8.2582,TW0006515000
2023/12,8016,矽創,66,0.8,"18,446",0.06,-3.8062,TW0008016007
2023/12,M1200,食品工業,,1.69,"38,967",,0.8735,
2023/12,M1300,塑膠工業,,9.87,"227,577",,-2.306,
2023/12,M1400,紡織纖維,,2.41,"55,568",,-1.2198,
2023/12,M1500,電機機械,,1.64,"37,814",,1.2135,
2023/12,M1700,化學生技醫療,,2.14,"49,343",,-0.3039,
2023/12,M2100,橡膠工業,,0.34,"7,840",,-1.4344,
2023/12,M2300,電子工業,,79.88,"1,841,828",,3.8654,
2023/12,MTSE,國內上市,,97.97,"2,258,937",,2.8508,
2023/12,TT99,基金總規模,,,"2,305,744",,,
2023/11,1301,台塑,"1,621",5.63,"130,977",0.03,4.9351,TW0001301000
2023/11,1303,南亞,"1,679",4.91,"114,340",0.02,10.016,TW0001303006
2023/11,1476,儒鴻,104,2.65,"61,672",0.04,15.3697,TW0001476000
2023/11,2330,台積電,"1,060",26.28,"611,620",0,9.0738,TW0002330008
2023/11,2395,研華,229,3.48,"81,088",0.03,6.6365,TW0002395001
2023/11,2454,聯發科,461,18.71,"435,488",0.03,12.2328,TW0002454006
2023/11,2474,可成,369,3.08,"71,771",0.05,7.1625,TW0002474004
2023/11,3008,大立光,38,3.95,"92,001",0.03,15.4592,TW0003008009
2023/11,3034,聯詠,174,3.82,"88,914",0.03,12.4312,TW0003034005
2023/11,6415,矽力*-KY,153,2.79,"64,906",0.04,48.3417,KYG8190F1028
2023/11,M1300,塑膠工業,,10.54,"245,317",,6.6035,
2023/11,M1400,紡織纖維,,2.65,"61,672",,6.2089,
2023/11,M2300,電子工業,,62.12,"1,445,787",,9.9228,
2023/11,MTSE,國內上市,,75.31,"1,752,776",,8.953,
2023/11,TT99,基金總規模,,,"2,327,517",,,
2023/10,1301,台塑,"1,766",5.96,"135,982",0.03,-3.5086,TW0001301000
2023/10,1303,南亞,"1,829",4.96,"113,215",0.02,-7.057,TW0001303006
2023/10,1476,儒鴻,114,2.57,"58,596",0.04,5.5442,TW0001476000
2023/10,2330,台積電,"1,155",26.77,"610,995",0,1.1471,TW0002330008
2023/10,2360,致茂,245,2.34,"53,410",0.06,-21.0144,TW0002360005
2023/10,2395,研華,250,3.64,"83,003",0.03,-3.9132,TW0002395001
2023/10,2454,聯發科,502,18.51,"422,544",0.03,14.5579,TW0002454006
2023/10,2474,可成,402,3.2,"72,963",0.06,-0.548,TW0002474004
2023/10,3008,大立光,42,3.8,"86,791",0.03,-3.0445,TW0003008009
2023/10,3034,聯詠,189,3.76,"85,901",0.03,7.4467,TW0003034005
2023/10,M1300,塑膠工業,,10.92,"249,197",,-4.0023,
2023/10,M1400,紡織纖維,,2.57,"58,596",,2.5528,
2023/10,M2300,電子工業,,62.02,"1,415,606",,-1.7504,
2023/10,MTSE,國內上市,,75.51,"1,723,399",,-2.1554,
2023/10,TT99,基金總規模,,,"2,282,423",,,
2023/09,1229,聯華,685,1.85,"42,726",0.04,1.9609,TW0001229003
2023/09,1301,台塑,"1,806",6.24,"144,114",0.03,0.3773,TW0001301000
2023/09,1303,南亞,"1,869",5.39,"124,483",0.02,0.7563,TW0001303006
2023/09,1476,儒鴻,116,2.45,"56,583",0.04,-4.322,TW0001476000
2023/09,1707,葡萄王,84,0.57,"13,164",0.06,1.2988,TW0001707008
2023/09,1722,台肥,494,1.26,"29,100",0.05,-1.1745,TW0001722007
2023/09,2049,上銀,190,1.67,"38,569",0.05,-0.7318,TW0002049004
2023/09,2059,川湖,50,1.79,"41,340",0.05,-9.5081,TW0002059003
2023/09,2108,南帝,242,0.38,"8,776",0.05,-0.5493,TW0002108008
2023/09,2330,台積電,"1,180",26.72,"617,102",0,-4.2164,TW0002330008
2023/09,2360,致茂,251,3,"69,285",0.06,-1.4286,TW0002360005
2023/09,2395,研華,255,3.81,"87,992",0.03,0.2909,TW0002395001
2023/09,2408,南亞科,746,2.12,"48,962",0.02,-1.5014,TW0002408002
2023/09,2441,超豐,233,0.56,"12,933",0.04,-4.483,TW0002441003
2023/09,2454,聯發科,513,16.32,"376,912",0.03,4.2551,TW0002454006
2023/09,2458,義隆,187,1.08,"24,943",0.06,11.2502,TW0002458007
2023/09,2474,可成,411,3.25,"75,059",0.06,1.108,TW0002474004
2023/09,3008,大立光,43,3.96,"91,457",0.03,4.1462,TW0003008009
2023/09,3034,聯詠,193,3.53,"81,526",0.03,5.8825,TW0003034005
2023/09,3042,晶技,203,0.85,"19,631",0.07,2.2174,TW0003042008
2023/09,3532,台勝科,76,0.47,"10,855",0.02,-0.3472,TW0003532008
2023/09,3533,嘉澤,51,1.83,"42,264",0.05,-4.8557,TW0003533006
2023/09,3653,健策,65,1.74,"40,186",0.05,-3.7096,TW0003653002
2023/09,4961,天鈺,77,0.92,"21,248",0.06,28.0839,TW0004961008
2023/09,5269,祥碩,23,1.15,"26,559",0.03,17.4974,TW0005269005
2023/09,6271,同欣電,127,0.82,"18,938",0.06,12.453,TW0006271000
2023/09,6415,矽力*-KY,170,2.24,"51,733",0.04,6.0977,KYG8190F1028
2023/09,6491,晶碩,30,0.51,"11,779",0.04,0.908,TW0006491004
2023/09,6515,穎崴,19,0.56,"12,933",0.05,13.1887,TW0006515000
2023/09,8016,矽創,77,0.93,"21,478",0.06,11.3997,TW0008016007
2023/09,M1200,食品工業,,1.85,"42,726",,-0.4617,
2023/09,M1300,塑膠工業,,11.63,"268,596",,0.2613,
2023/09,M1400,紡織纖維,,2.45,"56,583",,-0.8137,
2023/09,M1500,電機機械,,1.67,"38,569",,-1.725,
2023/09,M1700,化學生技醫療,,2.34,"54,043",,1.0055,
2023/09,M2100,橡膠工業,,0.38,"8,776",,3.0084,
2023/09,M2300,電子工業,,77.65,"1,793,336",,-2.6529,
2023/09,MTSE,國內上市,,97.97,"2,262,629",,-1.6878,
2023/09,TT99,基金總規模,,,"2,309,512",,,
2023/08,1301,台塑,"1,861",6.22,"147,950",0.03,-4.4474,TW0001301000
2023/08,1303,南亞,"1,927",5.36,"127,375",0.02,-5.5715,TW0001303006
2023/08,1476,儒鴻,120,2.57,"61,080",0.04,-6.0886,TW0001476000
2023/08,2330,台積電,"1,217",28.11,"668,133",0,-2.832,TW0002330008
2023/08,2360,致茂,259,3.05,"72,520",0.06,1.4492,TW0002360005
2023/08,2395,研華,263,3.81,"90,604",0.03,-12.1331,TW0002395001
2023/08,2454,聯發科,529,15.68,"372,828",0.03,2.174,TW0002454006
2023/08,2474,可成,424,3.22,"76,532",0.06,4.0348,TW0002474004
2023/08,3008,大立光,44,3.81,"90,561",0.03,-4.5287,TW0003008009
2023/08,3034,聯詠,199,3.34,"79,501",0.03,-5.7783,TW0003034005
2023/08,M1300,塑膠工業,,11.58,"275,324",,-4.9557,
2023/08,M1400,紡織纖維,,2.57,"61,080",,-3.2518,
2023/08,M2300,電子工業,,61.02,"1,450,679",,-2.07,
2023/08,MTSE,國內上市,,75.18,"1,787,083",,-2.9801,
2023/08,TT99,基金總規模,,,"2,377,200",,,
2023/07,1301,台塑,"1,861",6.29,"154,835",0.03,-2.9172,TW0001301000
2023/07,1303,南亞,"1,927",5.48,"134,890",0.02,-3.4483,TW0001303006
2023/07,1476,儒鴻,120,2.64,"65,040",0.04,8.5086,TW0001476000
2023/07,2330,台積電,"1,217",27.93,"687,605",0,-1.9096,TW0002330008
2023/07,2360,致茂,259,2.9,"71,484",0.06,13.6161,TW0002360005
2023/07,2395,研華,263,4.19,"103,115",0.03,7.6174,TW0002395001
2023/07,2454,聯發科,529,14.82,"364,895",0.03,0.2906,TW0002454006
2023/07,2474,可成,424,2.99,"73,564",0.06,-1.1395,TW0002474004
2023/07,3008,大立光,44,3.9,"96,083",0.03,2.1124,TW0003008009
2023/07,3034,聯詠,199,3.43,"84,376",0.03,8.6791,TW0003034005
2023/07,M1300,塑膠工業,,11.77,"289,725",,-2.7879,
2023/07,M1400,紡織纖維,,2.64,"65,040",,-2.1234,
2023/07,M2300,電子工業,,60.16,"1,481,122",,2.5745,
2023/07,MTSE,國內上市,,74.56,"1,835,888",,1.3591,
2023/07,TT99,基金總規模,,,"2,462,148",,,
2023/06,1229,聯華,666,1.78,"45,129",0.05,8.8284,TW0001229003
2023/06,1301,台塑,"1,876",6.34,"160,740",0.03,-4.5301,TW0001301000
2023/06,1303,南亞,"1,944",5.56,"140,964",0.02,-2.8475,TW0001303006
2023/06,1476,儒鴻,121,2.38,"60,341",0.04,10.1572,TW0001476000
2023/06,1707,葡萄王,88,0.58,"14,705",0.06,-0.3997,TW0001707008
2023/06,1722,台肥,511,1.22,"30,931",0.05,-0.165,TW0001722007
2023/06,2049,上銀,197,1.85,"46,904",0.06,-0.8352,TW0002049004
2023/06,2059,川湖,52,1.36,"34,480",0.05,56.3673,TW0002059003
2023/06,2108,南帝,250,0.37,"9,381",0.05,-0.3989,TW0002108008
2023/06,2330,台積電,"1,227",27.88,"706,849",0,3.7062,TW0002330008
2023/06,2360,致茂,261,2.58,"65,411",0.06,7.5106,TW0002360005
2023/06,2395,研華,242,3.91,"99,131",0.03,0.614,TW0002395001
2023/06,2408,南亞科,777,2.17,"55,017",0.03,-0.7208,TW0002408002
2023/06,2441,超豐,244,0.55,"13,944",0.04,-0.5218,TW0002441003
2023/06,2454,聯發科,534,14.49,"367,369",0.03,0.6162,TW0002454006
2023/06,2458,義隆,195,0.78,"19,776",0.06,-0.4902,TW0002458007
2023/06,2474,可成,428,2.96,"75,046",0.06,-0.1203,TW0002474004
2023/06,3008,大立光,45,3.74,"94,821",0.03,-5.9604,TW0003008009
2023/06,3034,聯詠,201,3.38,"85,694",0.03,0.235,TW0003034005
2023/06,3042,晶技,211,0.78,"19,776",0.07,3.8762,TW0003042008
2023/06,3532,台勝科,79,0.52,"13,184",0.02,0.9035,TW0003532008
2023/06,3533,嘉澤,53,1.81,"45,889",0.05,-1.2628,TW0003533006
2023/06,3653,健策,66,1.69,"42,847",0.05,7.8597,TW0003653002
2023/06,4961,天鈺,121,0.68,"17,240",0.06,-4.641,TW0004961008
2023/06,5269,祥碩,24,0.99,"25,100",0.03,-10.2129,TW0005269005
2023/06,6271,同欣電,103,0.74,"18,761",0.06,-0.2725,TW0006271000
2023/06,6415,矽力*-KY,176,2.68,"67,947",0.05,-3.8703,KYG8190F1028
2023/06,6491,晶碩,31,0.42,"10,648",0.04,-1.5961,TW0006491004
2023/06,6515,穎崴,20,0.61,"15,465",0.06,-2.2613,TW0006515000
2023/06,8016,矽創,80,0.74,"18,761",0.07,4.2223,TW0008016007
2023/06,M1200,食品工業,,1.78,"45,129",,2.8727,
2023/06,M1300,塑膠工業,,11.9,"301,704",,-5.4827,
2023/06,M1400,紡織纖維,,2.38,"60,341",,6.9605,
2023/06,M1500,電機機械,,1.85,"46,904",,7.5785,
2023/06,M1700,化學生技醫療,,2.22,"56,284",,0.9431,
2023/06,M2100,橡膠工業,,0.37,"9,381",,2.6462,
2023/06,M2300,電子工業,,75.04,"1,902,509",,2.8309,
2023/06,MTSE,國內上市,,95.54,"2,422,251",,2.0302,
2023/06,TT99,基金總規模,,,"2,535,326",,,
2023/05,1301,台塑,"1,946",6.98,"183,119",0.03,0.2129,TW0001301000
2023/05,1303,南亞,"2,016",5.97,"156,643",0.03,-0.3845,TW0001303006
2023/05,2330,台積電,"1,273",27.07,"710,334",0,11.1557,TW0002330008
2023/05,2360,致茂,270,2.4,"62,910",0.06,22.6315,TW0002360005
2023/05,2395,研華,251,3.9,"102,237",0.03,9.7035,TW0002395001
2023/05,2454,聯發科,554,16.02,"420,360",0.03,14.1354,TW0002454006
2023/05,2474,可成,443,3.13,"82,177",0.07,2.4862,TW0002474004
2023/05,3008,大立光,46,3.99,"104,668",0.03,12.6865,TW0003008009
2023/05,3034,聯詠,208,3.37,"88,504",0.03,1.6728,TW0003034005
2023/05,6415,矽力*-KY,184,2.8,"73,580",0.05,-16.6495,KYG8190F1028
2023/05,M1300,塑膠工業,,12.95,"339,762",,-0.6368,
2023/05,M2300,電子工業,,62.67,"1,644,769",,9.4242,
2023/05,MTSE,國內上市,,75.62,"1,984,531",,6.4174,
2023/05,TT99,基金總規模,,,"2,624,420",,,
2023/04,1301,台塑,"1,720",6.48,"161,508",0.03,2.2875,TW0001301000
2023/04,1303,南亞,"1,782",5.58,"138,996",0.02,0.6452,TW0001303006
2023/04,1326,台化,"1,412",3.91,"97,287",0.02,-0.2895,TW0001326007
2023/04,2330,台積電,"1,323",26.66,"664,146",0.01,-5.8162,TW0002330008
2023/04,2395,研華,259,3.86,"96,162",0.03,-0.0002,TW0002395001
2023/04,2454,聯發科,489,13.05,"325,075",0.03,-15.5018,TW0002454006
2023/04,2474,可成,401,2.91,"72,581",0.06,-4.7368,TW0002474004
2023/04,3008,大立光,58,4.65,"115,856",0.04,-7.5863,TW0003008009
2023/04,3034,聯詠,275,4.62,"115,088",0.05,-3.0129,TW0003034005
2023/04,6415,矽力*-KY,159,3.06,"76,265",0.04,0.2086,KYG8190F1028
2023/04,M1300,塑膠工業,,15.97,"397,791",,0.9238,
2023/04,M2300,電子工業,,58.82,"1,465,172",,-4.0353,
2023/04,MTSE,國內上市,,74.79,"1,862,963",,-1.8206,
2023/04,TT99,基金總規模,,,"2,490,936",,,
2023/03,1102,亞泥,"1,533",2.51,"66,382",0.04,-3.2402,TW0001102002
2023/03,1229,聯華,619,1.31,"34,645",0.04,2.9412,TW0001229003
2023/03,1301,台塑,"1,746",6.06,"160,268",0.03,0.99,TW0001301000
2023/03,1303,南亞,"1,809",5.3,"140,169",0.02,2.5132,TW0001303006
2023/03,1326,台化,"1,431",3.74,"98,912",0.02,-2.9492,TW0001326007
2023/03,1476,儒鴻,126,2.36,"62,415",0.05,3.0178,TW0001476000
2023/03,1722,台肥,468,0.99,"26,182",0.05,-2.6088,TW0001722007
2023/03,1773,勝一,77,0.36,"9,521",0.03,1.6458,TW0001773000
2023/03,2108,南帝,205,0.31,"8,199",0.04,-3.0253,TW0002108008
2023/03,2330,台積電,"1,343",27.07,"715,919",0.01,4.8736,TW0002330008
2023/03,2360,致茂,241,1.62,"42,844",0.06,-3.7939,TW0002360005
2023/03,2395,研華,262,3.68,"97,325",0.03,3.9217,TW0002395001
2023/03,2408,南亞科,728,1.83,"48,398",0.02,13.8699,TW0002408002
2023/03,2441,超豐,213,0.43,"11,372",0.04,0.1878,TW0002441003
2023/03,2451,創見,228,0.63,"16,662",0.05,3.9831,TW0002451002
2023/03,2454,聯發科,496,14.75,"390,092",0.03,8.8518,TW0002454006
2023/03,2458,義隆,172,0.65,"17,191",0.06,-5.1839,TW0002458007
2023/03,2474,可成,406,2.92,"77,225",0.06,2.9811,TW0002474004
2023/03,3008,大立光,58,4.81,"127,210",0.04,0.6516,TW0003008009
2023/03,3034,聯詠,279,4.55,"120,334",0.05,5.8896,TW0003034005
2023/03,3042,晶技,190,0.64,"16,926",0.06,3.2485,TW0003042008
2023/03,3532,台勝科,65,0.41,"10,843",0.02,9.9339,TW0003532008
2023/03,3533,嘉澤,48,1.68,"44,431",0.04,7.1414,TW0003533006
2023/03,3653,健策,63,1.13,"29,885",0.05,12.1174,TW0003653002
2023/03,4958,臻鼎-KY,394,1.7,"44,960",0.04,1.7857,KYG989221000
2023/03,5269,祥碩,22,0.94,"24,860",0.03,15.5396,TW0005269005
2023/03,6271,同欣電,91,0.68,"17,984",0.06,-9.3606,TW0006271000
2023/03,6415,矽力*-KY,161,2.91,"76,961",0.04,-16.8886,KYG8190F1028
2023/03,8016,矽創,73,0.66,"17,455",0.06,4.1667,TW0008016007
2023/03,8150,南茂,414,0.6,"15,868",0.06,5.3573,TW0008150004
2023/03,M1100,水泥工業,,2.51,"66,382",,-5.0399,
2023/03,M1200,食品工業,,1.31,"34,645",,4.0587,
2023/03,M1300,塑膠工業,,15.1,"399,349",,0.3385,
2023/03,M1400,紡織纖維,,2.36,"62,415",,-0.8741,
2023/03,M1700,化學生技醫療,,1.35,"35,703",,-2.6341,
2023/03,M2100,橡膠工業,,0.31,"8,199",,2.196,
2023/03,M2300,電子工業,,74.29,"1,964,743",,4.6317,
2023/03,MTSE,國內上市,,97.23,"2,571,436",,2.3494,
2023/03,TT99,基金總規模,,,"2,644,694",,,
2023/02,1301,台塑,"1,830",6.18,"166,347",0.03,1.7918,TW0001301000
2023/02,1303,南亞,"1,895",5.32,"143,262",0.02,0.2654,TW0001303006
2023/02,1326,台化,"1,502",3.97,"106,942",0.03,-1.385,TW0001326007
2023/02,2330,台積電,"1,408",26.73,"719,488",0.01,-2.1071,TW0002330008
2023/02,2395,研華,275,3.65,"98,245",0.04,4.6922,TW0002395001
2023/02,2454,聯發科,520,13.96,"375,840",0.03,0.6964,TW0002454006
2023/02,2474,可成,427,2.93,"78,782",0.06,3.6517,TW0002474004
2023/02,3008,大立光,61,5.02,"135,167",0.05,3.7644,TW0003008009
2023/02,3034,聯詠,293,4.44,"119,398",0.05,14.7887,TW0003034005
2023/02,6415,矽力*-KY,169,3.65,"98,195",0.04,-3.1615,KYG8190F1028
2023/02,M1300,塑膠工業,,15.47,"416,551",,0.5633,
2023/02,M2300,電子工業,,60.37,"1,625,113",,1.2827,
2023/02,MTSE,國內上市,,75.84,"2,041,665",,1.5631,
2023/02,TT99,基金總規模,,,"2,692,090",,,
2023/01,1301,台塑,"2,039",6.16,"182,083",0.03,2.8801,TW0001301000
2023/01,1303,南亞,"2,112",5.39,"159,245",0.03,6.1974,TW0001303006
2023/01,1326,台化,"1,674",4.09,"120,863",0.03,2.4115,TW0001326007
2023/01,2330,台積電,"1,569",27.72,"819,018",0.01,16.388,TW0002330008
2023/01,2395,研華,307,3.55,"104,754",0.04,3.0211,TW0002395001
2023/01,2454,聯發科,580,14.09,"416,321",0.04,14.8798,TW0002454006
2023/01,2474,可成,476,2.87,"84,728",0.07,5.3254,TW0002474004
2023/01,3008,大立光,68,4.91,"145,176",0.05,4.1665,TW0003008009
2023/01,3034,聯詠,326,3.92,"115,730",0.05,12.52,TW0003034005
2023/01,6415,矽力*-KY,189,3.84,"113,421",0.05,37.686,KYG8190F1028
2023/01,M1300,塑膠工業,,15.64,"462,190",,3.9995,
2023/01,M2300,電子工業,,60.9,"1,799,147",,10.8444,
2023/01,MTSE,國內上市,,76.54,"2,261,337",,7.9752,
2023/01,TT99,基金總規模,,,"2,954,451",,,
2022/12,1102,亞泥,"1,826",2.73,"74,866",0.05,-0.7262,TW0001102002
2022/12,1229,聯華,733,1.34,"36,747",0.05,-1.9568,TW0001229003
2022/12,1301,台塑,"2,076",6.57,"180,172",0.03,-3.7695,TW0001301000
2022/12,1303,南亞,"2,151",5.57,"152,748",0.03,-7.6722,TW0001303006
2022/12,1326,台化,"1,704",4.38,"120,114",0.03,-7.3585,TW0001326007
2022/12,1476,儒鴻,150,2.71,"74,317",0.05,8.4245,TW0001476000
2022/12,1722,台肥,554,1.08,"29,617",0.06,-4.9733,TW0001722007
2022/12,1773,勝一,93,0.39,"10,695",0.04,-3.3758,TW0001773000
2022/12,2108,南帝,244,0.33,"9,050",0.05,-4.387,TW0002108008
2022/12,2330,台積電,"1,597",26.12,"716,298",0.01,-7.9454,TW0002330008
2022/12,2360,致茂,288,1.9,"52,104",0.07,-8.816,TW0002360005
2022/12,2395,研華,312,3.77,"103,386",0.04,-0.6007,TW0002395001
2022/12,2408,南亞科,868,1.62,"44,426",0.03,-9.8592,TW0002408002
2022/12,2441,超豐,251,0.44,"12,066",0.04,-2.0407,TW0002441003
2022/12,2451,創見,270,0.65,"17,825",0.06,-2.5112,TW0002451002
2022/12,2454,聯發科,590,13.44,"368,570",0.04,-14.7341,TW0002454006
2022/12,2458,義隆,204,0.64,"17,551",0.07,-4.1246,TW0002458007
2022/12,2474,可成,484,2.98,"81,722",0.07,-7.6504,TW0002474004
2022/12,3008,大立光,69,5.17,"141,779",0.05,-11.1112,TW0003008009
2022/12,3034,聯詠,332,3.82,"104,757",0.05,5.6952,TW0003034005
2022/12,3042,晶技,225,0.68,"18,648",0.07,-0.9582,TW0003042008
2022/12,3532,台勝科,79,0.39,"10,695",0.02,-13.3758,TW0003532008
2022/12,3533,嘉澤,57,1.73,"47,442",0.05,-4.3982,TW0003533006
2022/12,3653,健策,74,1.01,"27,698",0.05,-0.6596,TW0003653002
2022/12,4958,臻鼎-KY,470,1.8,"49,362",0.05,-12.1339,KYG989221000
2022/12,5269,祥碩,26,0.64,"17,551",0.04,-9.5816,TW0005269005
2022/12,6271,同欣電,108,0.75,"20,568",0.07,-10.9442,TW0006271000
2022/12,6415,矽力*-KY,192,3.05,"83,641",0.05,-2.9997,KYG8190F1028
2022/12,8016,矽創,87,0.56,"15,357",0.07,-6.8241,TW0008016007
2022/12,8150,南茂,491,0.6,"16,454",0.07,-0.2973,TW0008150004
2022/12,M1100,水泥工業,,2.73,"74,866",,-0.6015,
2022/12,M1200,食品工業,,1.34,"36,747",,-1.0547,
2022/12,M1300,塑膠工業,,16.52,"453,034",,-5.7667,
2022/12,M1400,紡織纖維,,2.71,"74,317",,0.6299,
2022/12,M1700,化學生技醫療,,1.47,"40,312",,0.6822,
2022/12,M2100,橡膠工業,,0.33,"9,050",,-3.5471,
2022/12,M2300,電子工業,,71.76,"1,967,901",,-6.8379,
2022/12,MTSE,國內上市,,96.86,"2,656,227",,-4.986,
2022/12,TT99,基金總規模,,,"2,742,337",,,
2022/11,1301,台塑,"1,849",6.33,"166,780",0.03,8.544,TW0001301000
2022/11,1303,南亞,"1,915",5.59,"147,264",0.02,12.5918,TW0001303006
2022/11,1326,台化,"1,518",4.38,"115,520",0.03,9.4961,TW0001326007
2022/11,2330,台積電,"1,422",26.43,"696,780",0.01,25.6411,TW0002330008
2022/11,2395,研華,278,3.51,"92,639",0.04,13.6519,TW0002395001
2022/11,2454,聯發科,526,14.62,"385,436",0.03,24.2372,TW0002454006
2022/11,2474,可成,431,2.99,"78,873",0.06,7.9648,TW0002474004
2022/11,3008,大立光,62,5.39,"142,150",0.05,24.0538,TW0003008009
2022/11,3034,聯詠,296,3.35,"88,356",0.05,23.859,TW0003034005
2022/11,6415,矽力*-KY,171,2.91,"76,824",0.04,20.3211,KYG8190F1028
2022/11,M1300,塑膠工業,,16.29,"429,563",,10.463,
2022/11,M2300,電子工業,,59.21,"1,561,059",,17.8248,
2022/11,MTSE,國內上市,,75.51,"1,990,622",,14.9024,
2022/11,TT99,基金總規模,,,"2,636,341",,,
2022/10,1301,台塑,"1,849",6.85,"153,652",0.03,-4.0417,TW0001301000
2022/10,1303,南亞,"1,915",5.83,"130,795",0.02,2.0927,TW0001303006
2022/10,1326,台化,"1,518",4.7,"105,501",0.03,0.5789,TW0001326007
2022/10,2330,台積電,"1,422",24.72,"554,580",0.01,-7.5829,TW0002330008
2022/10,2395,研華,278,3.63,"81,511",0.04,-0.1705,TW0002395001
2022/10,2454,聯發科,526,13.83,"310,242",0.03,7.0781,TW0002454006
2022/10,2474,可成,431,3.26,"73,055",0.06,-1.7392,TW0002474004
2022/10,3008,大立光,62,5.11,"114,587",0.05,10.4479,TW0003008009
2022/10,3034,聯詠,296,3.18,"71,336",0.05,10.0458,TW0003034005
2022/10,6415,矽力*-KY,171,2.85,"63,849",0.04,-11.1639,KYG8190F1028
2022/10,M1300,塑膠工業,,17.38,"389,854",,-0.9084,
2022/10,TT99,基金總規模,,,"2,243,120",,,
2022/09,1102,亞泥,"1,596",2.82,"62,869",0.05,-8.9019,TW0001102002
2022/09,1229,聯華,642,1.46,"32,549",0.04,-11.0526,TW0001229003
2022/09,1301,台塑,"1,815",7.05,"157,174",0.03,-4.9395,TW0001301000
2022/09,1303,南亞,"1,880",5.64,"125,739",0.02,-2.6199,TW0001303006
2022/09,1326,台化,"1,491",4.62,"102,999",0.03,0.5824,TW0001326007
2022/09,1476,儒鴻,131,2.3,"51,277",0.05,-12.0089,TW0001476000
2022/09,1722,台肥,486,1.2,"26,753",0.05,-12.4006,TW0001722007
2022/09,1773,勝一,80,0.41,"9,141",0.03,-15.2417,TW0001773000
2022/09,2108,南帝,218,0.35,"7,803",0.04,-16.3552,TW0002108008
2022/09,2330,台積電,"1,396",26.42,"589,011",0.01,-15.9531,TW0002330008
2022/09,2360,致茂,251,2.03,"45,257",0.06,-4.5092,TW0002360005
2022/09,2395,研華,273,3.6,"80,259",0.04,-10.3818,TW0002395001
2022/09,2408,南亞科,756,1.66,"37,008",0.02,-8.3334,TW0002408002
2022/09,2441,超豐,222,0.49,"10,924",0.04,-16.9478,TW0002441003
2022/09,2451,創見,235,0.68,"15,160",0.05,-2.5679,TW0002451002
2022/09,2454,聯發科,516,12.75,"284,250",0.03,-17.3913,TW0002454006
2022/09,2458,義隆,177,0.66,"14,714",0.06,-14.315,TW0002458007
2022/09,2474,可成,423,3.27,"72,902",0.06,-1.4045,TW0002474004
2022/09,3008,大立光,61,4.57,"101,884",0.05,-14.3224,TW0003008009
2022/09,3034,聯詠,290,2.85,"63,538",0.05,-16.8879,TW0003034005
2022/09,3042,晶技,198,0.64,"14,268",0.06,-17.2614,TW0003042008
2022/09,3532,台勝科,68,0.42,"9,364",0.02,-25.1366,TW0003532008
2022/09,3533,嘉澤,49,1.69,"37,677",0.05,4.9453,TW0003533006
2022/09,3653,健策,64,1.1,"24,524",0.05,4.909,TW0003653002
2022/09,4958,臻鼎-KY,410,1.95,"43,474",0.04,-7.0177,KYG989221000
2022/09,5269,祥碩,23,0.69,"15,383",0.03,-28.9839,TW0005269005
2022/09,6271,同欣電,105,0.78,"17,389",0.06,-22.2482,TW0006271000
2022/09,6415,矽力*-KY,168,3.17,"70,672",0.04,-21.0132,KYG8190F1028
2022/09,8016,矽創,75,0.55,"12,262",0.06,-13.6483,TW0008016007
2022/09,8150,南茂,431,0.58,"12,931",0.06,-16.0842,TW0008150004
2022/09,M1100,水泥工業,,2.82,"62,869",,-11.6918,
2022/09,M1200,食品工業,,1.46,"32,549",,-1.8723,
2022/09,M1300,塑膠工業,,17.31,"385,912",,-3.1938,
2022/09,M1400,紡織纖維,,2.3,"51,277",,-5.4383,
2022/09,M2100,橡膠工業,,0.35,"7,803",,-4.8851,
2022/09,TT99,基金總規模,,,"2,229,415",,,
2022/08,1301,台塑,"1,708",6.39,"155,599",0.03,-0.9783,TW0001301000
2022/08,1303,南亞,"1,769",4.99,"121,530",0.02,2.0805,TW0001303006
2022/08,1326,台化,"1,402",3.95,"96,317",0.02,-1.857,TW0001326007
2022/08,2330,台積電,"1,314",27.24,"663,570",0.01,-0.7859,TW0002330008
2022/08,2395,研華,257,3.46,"84,232",0.03,-4.3795,TW0002395001
2022/08,2454,聯發科,486,13.3,"324,051",0.03,-2.3426,TW0002454006
2022/08,2474,可成,399,3.04,"74,015",0.06,8.7977,TW0002474004
2022/08,3008,大立光,57,4.59,"111,898",0.04,-4.644,TW0003008009
2022/08,3034,聯詠,273,2.95,"71,936",0.04,-0.5662,TW0003034005
2022/08,6415,矽力*-KY,158,3.45,"84,065",0.04,-4.1369,KYG8190F1028
2022/08,M1300,塑膠工業,,15.33,"373,386",,-0.0419,
2022/08,TT99,基金總規模,,,"2,435,654",,,
2022/07,1301,台塑,"1,664",6.4,"153,088",0.03,-7.8104,TW0001301000
2022/07,1303,南亞,"1,723",4.85,"115,958",0.02,-9.839,TW0001303006
2022/07,1326,台化,"1,366",4,"95,620",0.02,-6.2918,TW0001326007
2022/07,2330,台積電,"1,280",27.23,"651,520",0,6.9327,TW0002330008
2022/07,2395,研華,250,3.58,"85,692",0.03,1.4004,TW0002395001
2022/07,2454,聯發科,473,13.5,"322,946",0.03,4.9156,TW0002454006
2022/07,2474,可成,388,2.76,"66,154",0.05,3.0212,TW0002474004
2022/07,3008,大立光,56,4.87,"116,526",0.04,21.1596,TW0003008009
2022/07,3034,聯詠,266,2.95,"70,490",0.04,7.0195,TW0003034005
2022/07,6415,矽力*-KY,153,3.55,"84,912",0.04,-7.1399,KYG8190F1028
2022/07,M1300,塑膠工業,,15.25,"364,907",,-13.4616,
2022/07,TT99,基金總規模,,,"2,392,833",,,
2022/06,1102,亞泥,"1,462",2.76,"64,023",0.04,-1.3514,TW0001102002
2022/06,1229,聯華,562,1.36,"31,547",0.04,-2.7729,TW0001229003
2022/06,1301,台塑,"1,665",7.79,"180,702",0.03,3.3334,TW0001301000
2022/06,1303,南亞,"1,724",6.17,"143,123",0.02,-2.6963,TW0001303006
2022/06,1326,台化,"1,366",4.4,"102,065",0.02,-3.2086,TW0001326007
2022/06,1476,儒鴻,120,2.15,"49,873",0.04,-16.3143,TW0001476000
2022/06,1722,台肥,447,1.23,"28,532",0.05,-8.4526,TW0001722007
2022/06,1773,勝一,76,0.49,"11,366",0.03,-11.6027,TW0001773000
2022/06,2108,南帝,196,0.36,"8,351",0.04,-17.3785,TW0002108008
2022/06,2330,台積電,"1,281",26.29,"609,839",0,-14.5399,TW0002330008
2022/06,2360,致茂,230,1.52,"35,259",0.05,-8.1082,TW0002360005
2022/06,2395,研華,250,3.73,"86,523",0.03,-4.1552,TW0002395001
2022/06,2408,南亞科,695,1.48,"34,331",0.02,-20.5047,TW0002408002
2022/06,2441,超豐,204,0.55,"12,758",0.04,-13.0918,TW0002441003
2022/06,2451,創見,218,0.65,"15,078",0.05,-4.1609,TW0002451002
2022/06,2454,聯發科,473,13.27,"307,819",0.03,-20.4449,TW0002454006
2022/06,2458,義隆,163,0.98,"22,733",0.05,-6.376,TW0002458007
2022/06,2474,可成,388,2.77,"64,255",0.05,0.9146,TW0002474004
2022/06,3008,大立光,56,4.15,"96,266",0.04,3.2933,TW0003008009
2022/06,3034,聯詠,266,3.46,"80,260",0.04,-25.6156,TW0003034005
2022/06,3042,晶技,182,0.71,"16,470",0.06,-6.3982,TW0003042008
2022/06,3532,台勝科,63,0.48,"11,134",0.02,-31.9846,TW0003532008
2022/06,3533,嘉澤,45,1.31,"30,388",0.04,-15.6566,TW0003533006
2022/06,3653,健策,54,0.78,"18,093",0.04,-5.6416,TW0003653002
2022/06,4958,臻鼎-KY,376,1.67,"38,738",0.04,-10.7033,KYG989221000
2022/06,5269,祥碩,21,1,"23,197",0.03,-18.6131,TW0005269005
2022/06,6271,同欣電,97,0.84,"19,485",0.05,-21.6374,TW0006271000
2022/06,6415,矽力*-KY,38,3.97,"92,091",0.04,-21.2171,KYG8190F1028
2022/06,8016,矽創,68,0.59,"13,686",0.06,-22.4805,TW0008016007
2022/06,8150,南茂,396,0.63,"14,614",0.05,-15.5232,TW0008150004
2022/06,M1100,水泥工業,,2.76,"64,023",,-4.7022,
2022/06,M1200,食品工業,,1.36,"31,547",,-1.3535,
2022/06,M1300,塑膠工業,,18.36,"425,890",,-2.6301,
2022/06,M1400,紡織纖維,,2.15,"49,873",,-5.2574,
2022/06,M2100,橡膠工業,,0.36,"8,351",,-3.5683,
2022/06,TT99,基金總規模,,,"2,319,662",,,
2022/05,1102,亞泥,"1,454",2.43,"64,558",0.04,-7.6925,TW0001102002
2022/05,1301,台塑,"1,654",6.53,"173,670",0.03,-0.474,TW0001301000
2022/05,1303,南亞,"1,713",5.49,"146,119",0.02,-1.6147,TW0001303006
2022/05,1326,台化,"1,357",4.18,"111,274",0.02,2.6283,TW0001326007
2022/05,2330,台積電,"1,272",26.77,"712,320",0,4.0891,TW0002330008
2022/05,2395,研華,249,3.38,"89,960",0.03,-2.3003,TW0002395001
2022/05,2454,聯發科,470,15.98,"425,200",0.03,9.0364,TW0002454006
2022/05,3008,大立光,55,3.48,"92,523",0.04,-1.1833,TW0003008009
2022/05,3034,聯詠,264,4.03,"107,184",0.04,1.882,TW0003034005
2022/05,6415,矽力*-KY,38,4.36,"116,012",0.04,11.9705,KYG8190F1028
2022/05,M1100,水泥工業,,2.43,"64,657",,-6.5865,
2022/05,M1300,塑膠工業,,16.2,"431,050",,-0.7526,
2022/05,TT99,基金總規模,,,"2,660,801",,,
2022/04,1301,台塑,"1,529",6.36,"161,310",0.02,-0.939,TW0001301000
2022/04,1303,南亞,"1,583",5.41,"137,246",0.02,-6.9742,TW0001303006
2022/04,1326,台化,"1,255",3.95,"100,275",0.02,1.1392,TW0001326007
2022/04,2330,台積電,"1,387",29.42,"746,206",0.01,-9.8825,TW0002330008
2022/04,2395,研華,254,3.7,"93,925",0.03,0.0001,TW0002395001
2022/04,2454,聯發科,432,14.13,"358,422",0.03,-8.2874,TW0002454006
2022/04,2474,可成,417,2.38,"60,465",0.06,0.3462,TW0002474004
2022/04,3008,大立光,37,2.45,"62,138",0.03,-10.345,TW0003008009
2022/04,3034,聯詠,189,2.97,"75,317",0.03,-6.5651,TW0003034005
2022/04,6415,矽力*-KY,44,4.68,"118,730",0.05,-20.8454,KYG8190F1028
2022/04,M1300,塑膠工業,,15.72,"398,715",,-2.9828,
2022/04,TT99,基金總規模,,,"2,536,355",,,
2022/03,1227,佳格,312,0.62,"15,492",0.03,-2.1653,TW0001227007
2022/03,1229,聯華,607,1.56,"38,980",0.04,-4.1792,TW0001229003
2022/03,1301,台塑,"1,380",5.88,"146,925",0.02,1.4285,TW0001301000
2022/03,1303,南亞,"1,429",5.33,"133,182",0.02,6.2714,TW0001303006
2022/03,1326,台化,"1,132",3.58,"89,454",0.02,-0.0001,TW0001326007
2022/03,1434,福懋,691,0.78,"19,490",0.04,-1.0525,TW0001434009
2022/03,1476,儒鴻,103,1.97,"49,225",0.04,-17.5301,TW0001476000
2022/03,1722,台肥,470,1.38,"34,482",0.05,7.1636,TW0001722007
2022/03,2015,豐興,293,1.13,"28,236",0.05,14.4723,TW0002015005
2022/03,2108,南帝,183,0.48,"11,994",0.04,-2.3208,TW0002108008
2022/03,2330,台積電,"1,251",29.89,"746,868",0,-0.6716,TW0002330008
2022/03,2360,致茂,225,1.62,"40,479",0.05,-4.5092,TW0002360005
2022/03,2395,研華,229,3.39,"84,707",0.03,0.8184,TW0002395001
2022/03,2408,南亞科,632,1.75,"43,728",0.02,-10.2466,TW0002408002
2022/03,2441,超豐,236,0.7,"17,491",0.04,2.2037,TW0002441003
2022/03,2451,創見,249,0.74,"18,491",0.06,5.3824,TW0002451002
2022/03,2454,聯發科,390,14.12,"352,820",0.02,-16.5899,TW0002454006
2022/03,2458,義隆,164,1.13,"28,236",0.05,4.8783,TW0002458007
2022/03,2474,可成,375,2.17,"54,222",0.05,1.049,TW0002474004
2022/03,3008,大立光,33,2.5,"62,468",0.02,-4.8312,TW0003008009
2022/03,3034,聯詠,170,2.9,"72,463",0.03,-6.5719,TW0003034005
2022/03,3406,玉晶光,49,0.89,"22,239",0.04,0.1096,TW0003406005
2022/03,3532,台勝科,86,1,"24,987",0.02,12.6461,TW0003532008
2022/03,3533,嘉澤,48,1.36,"33,983",0.05,-2.2315,TW0003533006
2022/03,3653,健策,63,1.03,"25,737",0.05,7.3297,TW0003653002
2022/03,3706,神達,676,0.8,"19,990",0.06,-5.9612,TW0003706008
2022/03,5269,祥碩,22,1.69,"42,228",0.03,14.4118,TW0005269005
2022/03,6269,台郡,212,0.86,"21,489",0.06,7.4074,TW0006269004
2022/03,6271,同欣電,107,1.24,"30,984",0.06,0.6945,TW0006271000
2022/03,6415,矽力*-KY,39,5.41,"135,181",0.04,-5.248,KYG8190F1028
2022/03,M1200,食品工業,,2.18,"54,472",,-1.8196,
2022/03,M1300,塑膠工業,,14.79,"369,561",,2.5837,
2022/03,M1400,紡織纖維,,2.75,"68,715",,-4.0601,
2022/03,M2000,鋼鐵工業,,1.13,"28,236",,5.786,
2022/03,M2100,橡膠工業,,0.48,"11,994",,-0.1567,
2022/03,TT99,基金總規模,,,"2,498,723",,,
2022/02,1301,台塑,"1,187",5.57,"124,635",0.02,-0.0002,TW0001301000
2022/02,1303,南亞,"1,230",4.82,"107,871",0.02,1.5047,TW0001303006
2022/02,1326,台化,975,3.44,"77,025",0.02,0.2538,TW0001326007
2022/02,1476,儒鴻,89,2.3,"51,531",0.03,-5.082,TW0001476000
2022/02,2330,台積電,"1,077",29.07,"650,508",0,-5.0314,TW0002330008
2022/02,2395,研華,197,3.23,"72,272",0.03,-3.6792,TW0002395001
2022/02,2454,聯發科,336,16.28,"364,420",0.02,0.9304,TW0002454006
2022/02,3008,大立光,29,2.58,"57,677",0.02,-0.4927,TW0003008009
2022/02,3034,聯詠,147,3,"67,106",0.02,-3.0786,TW0003034005
2022/02,6415,矽力*-KY,34,5.52,"123,618",0.04,0.2755,KYG8190F1028
2022/02,M1300,塑膠工業,,13.83,"309,519",,0.7514,
2022/02,M1400,紡織纖維,,2.3,"51,475",,-0.6022,
2022/02,TT99,基金總規模,,,"2,238,023",,,
2022/01,1301,台塑,"1,016",5.5,"106,680",0.02,0.9615,TW0001301000
2022/01,1303,南亞,"1,053",4.69,"90,979",0.01,1.1708,TW0001303006
2022/01,1326,台化,834,3.39,"65,719",0.01,-2.4751,TW0001326007
2022/01,1476,儒鴻,76,2.39,"46,360",0.03,-3.3282,TW0001476000
2022/01,2330,台積電,922,30.21,"586,392",0,3.4146,TW0002330008
2022/01,2395,研華,169,3.32,"64,379",0.02,-4.0353,TW0002395001
2022/01,2454,聯發科,288,15.93,"309,145",0.02,-9.6639,TW0002454006
2022/01,3008,大立光,24,2.56,"49,629",0.02,-16.5667,TW0003008009
2022/01,3034,聯詠,126,3.06,"59,346",0.02,-12.6158,TW0003034005
2022/01,6415,矽力*-KY,29,5.44,"105,553",0.03,-27.7613,KYG8190F1028
2022/01,M1300,塑膠工業,,13.58,"263,562",,-0.6484,
2022/01,M1400,紡織纖維,,2.39,"46,385",,-4.0416,
2022/01,TT99,基金總規模,,,"1,940,812",,,
2021/12,1227,佳格,116,0.6,"6,119",0.01,3.7257,TW0001227007
2021/12,1229,聯華,222,1.35,"13,769",0.02,7.6521,TW0001229003
2021/12,1301,台塑,508,5.18,"52,832",0.01,1.4633,TW0001301000
2021/12,1303,南亞,525,4.4,"44,876",0.01,3.5151,TW0001303006
2021/12,1326,台化,417,3.3,"33,657",0.01,3.4569,TW0001326007
2021/12,1434,福懋,252,0.72,"7,343",0.02,0.8649,TW0001434009
2021/12,1476,儒鴻,38,2.35,"23,968",0.01,8.6058,TW0001476000
2021/12,1722,台肥,173,1.19,"12,137",0.02,2.4887,TW0001722007
2021/12,2015,豐興,107,0.88,"8,975",0.02,7.8811,TW0002015005
2021/12,2108,南帝,68,0.57,"5,814",0.01,0.4717,TW0002108008
2021/12,2330,台積電,460,27.74,"282,924",0,3.657,TW0002330008
2021/12,2360,致茂,83,1.63,"16,625",0.02,7.8167,TW0002360005
2021/12,2395,研華,84,3.27,"33,351",0.01,3.7956,TW0002395001
2021/12,2408,南亞科,232,1.78,"18,154",0.01,5.2562,TW0002408002
2021/12,2441,超豐,87,0.67,"6,833",0.02,1.297,TW0002441003
2021/12,2451,創見,91,0.65,"6,629",0.02,5.4837,TW0002451002
2021/12,2454,聯發科,144,16.77,"171,040",0.01,17.8218,TW0002454006
2021/12,2458,義隆,61,1.02,"10,403",0.02,4.9384,TW0002458007
2021/12,2474,可成,138,2.12,"21,622",0.02,0.9677,TW0002474004
2021/12,3008,大立光,12,2.95,"30,087",0.01,23.8692,TW0003008009
2021/12,3034,聯詠,63,3.33,"33,963",0.01,15.7895,TW0003034005
2021/12,3406,玉晶光,18,0.93,"9,485",0.02,-3.4671,TW0003406005
2021/12,3532,台勝科,32,0.91,"9,281",0.01,15.9999,TW0003532008
2021/12,3533,嘉澤,18,1.37,"13,973",0.02,10.7714,TW0003533006
2021/12,3653,健策,23,0.92,"9,383",0.02,-7.0616,TW0003653002
2021/12,3706,神達,249,0.86,"8,771",0.02,10.0002,TW0003706008
2021/12,5269,祥碩,8,1.42,"14,483",0.01,-6.4267,TW0005269005
2021/12,6269,台郡,78,0.8,"8,159",0.02,1.4564,TW0006269004
2021/12,6271,同欣電,39,1.15,"11,729",0.02,-2.9362,TW0006271000
2021/12,6415,矽力*-KY,15,7.16,"73,026",0.02,7.1426,KYG8190F1028
2021/12,M1200,食品工業,,1.95,"19,888",,3.9795,
2021/12,M1300,塑膠工業,,12.88,"131,365",,2.5885,
2021/12,M1400,紡織纖維,,3.07,"31,311",,5.1038,
2021/12,M2000,鋼鐵工業,,0.88,"8,975",,6.9098,
2021/12,M2100,橡膠工業,,0.57,"5,814",,6.4704,
2021/12,TT99,基金總規模,,,"1,019,915",,,
2021/11,1301,台塑,501,5.46,"51,353",0.01,-4.6511,TW0001301000
2021/11,1303,南亞,519,4.55,"42,818",0.01,-3.0549,TW0001303006
2021/11,1326,台化,411,3.41,"32,099",0.01,-2.9814,TW0001326007
2021/11,1476,儒鴻,37,2.29,"21,497",0.01,-4.2834,TW0001476000
2021/11,2330,台積電,454,28.77,"270,584",0,1.017,TW0002330008
2021/11,2395,研華,83,3.38,"31,781",0.01,5.234,TW0002395001
2021/11,2454,聯發科,141,15.17,"142,715",0.01,10.6243,TW0002454006
2021/11,3008,大立光,12,2.55,"23,966",0.01,-3.8646,TW0003008009
2021/11,3034,聯詠,62,3.07,"28,861",0.01,12.0336,TW0003034005
2021/11,6415,矽力*-KY,14,7.14,"67,180",0.02,2.4019,KYG8190F1028
2021/11,M1300,塑膠工業,,13.42,"126,210",,-3.4536,
2021/11,M1400,紡織纖維,,2.29,"21,537",,-2.2365,
2021/11,TT99,基金總規模,,,"940,464",,,
2021/10,1301,台塑,508,5.91,"54,610",0.01,-5.2864,TW0001301000
2021/10,1303,南亞,526,4.85,"44,763",0.01,-6.9945,TW0001303006
2021/10,1326,台化,417,3.63,"33,569",0.01,-4.0526,TW0001326007
2021/10,1476,儒鴻,38,2.5,"23,066",0.01,-0.0001,TW0001476000
2021/10,2330,台積電,460,29.39,"271,400",0,1.7241,TW0002330008
2021/10,2395,研華,84,3.31,"30,563",0.01,-0.548,TW0002395001
2021/10,2454,聯發科,143,14.17,"130,835",0.01,0.8841,TW0002454006
2021/10,3008,大立光,12,2.74,"25,295",0.01,-5.4792,TW0003008009
2021/10,3034,聯詠,63,2.83,"26,177",0.01,1.3414,TW0003034005
2021/10,6415,矽力*-KY,15,7.21,"66,566",0.02,11.5708,KYG8190F1028
2021/10,M1300,塑膠工業,,14.39,"132,904",,-6.034,
2021/10,M1400,紡織纖維,,2.5,"23,090",,-2.9016,
2021/10,TT99,基金總規模,,,"923,586",,,
2021/09,1227,佳格,110,0.64,"5,697",0.01,-1.1493,TW0001227007
2021/09,1229,聯華,216,1.36,"12,098",0.02,17.1104,TW0001229003
2021/09,1301,台塑,492,6.27,"55,842",0.01,10.7318,TW0001301000
2021/09,1303,南亞,509,5.23,"46,574",0.01,2.1205,TW0001303006
2021/09,1326,台化,404,3.81,"33,896",0.01,-0.2379,TW0001326007
2021/09,1434,福懋,246,0.83,"7,389",0.01,-3.6856,TW0001434009
2021/09,1476,儒鴻,37,2.52,"22,459",0.01,8.9766,TW0001476000
2021/09,1722,台肥,167,1.27,"11,323",0.02,20.0001,TW0001722007
2021/09,2015,豐興,104,0.91,"8,101",0.02,-1.2643,TW0002015005
2021/09,2108,南帝,66,0.68,"6,053",0.01,-14.9768,TW0002108008
2021/09,2330,台積電,446,29.06,"258,680",0,-5.1045,TW0002330008
2021/09,2360,致茂,80,1.58,"14,080",0.02,-1.9498,TW0002360005
2021/09,2395,研華,82,3.37,"30,002",0.01,-5.4407,TW0002395001
2021/09,2408,南亞科,226,1.67,"14,893",0.01,-0.7529,TW0002408002
2021/09,2441,超豐,84,0.77,"6,855",0.01,-9.2532,TW0002441003
2021/09,2451,創見,88,0.66,"5,875",0.02,-3.314,TW0002451002
2021/09,2454,聯發科,138,14.06,"125,163",0.01,0.4441,TW0002454006
2021/09,2458,義隆,59,0.97,"8,635",0.02,-6.9841,TW0002458007
2021/09,2474,可成,134,2.52,"22,445",0.02,0.2994,TW0002474004
2021/09,3008,大立光,12,2.91,"25,910",0.01,-18.2835,TW0003008009
2021/09,3034,聯詠,61,2.81,"25,010",0.01,-8.6859,TW0003034005
2021/09,3406,玉晶光,17,0.79,"7,033",0.02,-14.788,TW0003406005
2021/09,3532,台勝科,31,0.56,"4,985",0.01,-13.441,TW0003532008
2021/09,3533,嘉澤,17,1.08,"9,628",0.02,2.7777,TW0003533006
2021/09,3653,健策,22,0.87,"7,745",0.02,15.2959,TW0003653002
2021/09,3706,神達,242,0.78,"6,944",0.02,2.6883,TW0003706008
2021/09,5269,祥碩,8,1.45,"12,914",0.01,-19.5181,TW0005269005
2021/09,6269,台郡,75,0.86,"7,656",0.02,-11.6381,TW0006269004
2021/09,6271,同欣電,39,0.98,"8,724",0.02,-13.7405,TW0006271000
2021/09,6415,矽力*-KY,14,6.49,"57,766",0.02,3.1407,KYG8190F1028
2021/09,M1200,食品工業,,2,"17,804",,-1.7877,
2021/09,M1300,塑膠工業,,15.31,"136,291",,4.5882,
2021/09,M1400,紡織纖維,,3.35,"29,822",,3.7381,
2021/09,M2000,鋼鐵工業,,0.91,"8,101",,-6.1686,
2021/09,M2100,橡膠工業,,0.68,"6,053",,-4.1253,
2021/09,TT99,基金總規模,,,"890,208",,,
2021/08,1301,台塑,514,5.52,"52,685",0.01,2.7053,TW0001301000
2021/08,1303,南亞,532,5,"47,667",0.01,2.9886,TW0001303006
2021/08,1326,台化,422,3.72,"35,490",0.01,2.3115,TW0001326007
2021/08,2330,台積電,466,30,"286,124",0,5.8623,TW0002330008
2021/08,2395,研華,85,3.45,"32,886",0.01,6.0438,TW0002395001
2021/08,2454,聯發科,145,13.73,"130,917",0.01,-0.9889,TW0002454006
2021/08,2474,可成,140,2.45,"23,380",0.02,-3.2432,TW0002474004
2021/08,3008,大立光,12,3.47,"33,117",0.01,-5.4779,TW0003008009
2021/08,3034,聯詠,64,3.01,"28,736",0.01,-9.2414,TW0003034005
2021/08,6415,矽力*-KY,15,6.13,"58,498",0.02,5.7106,KYG8190F1028
2021/08,M1300,塑膠工業,,14.24,"135,802",,2.2606,
2021/08,TT99,基金總規模,,,"953,666",,,
2021/07,1301,台塑,510,5.39,"50,898",0.01,-0.7767,TW0001301000
2021/07,1303,南亞,528,4.87,"45,936",0.01,7.5094,TW0001303006
2021/07,1326,台化,418,3.64,"34,360",0.01,0.0586,TW0001326007
2021/07,2330,台積電,462,28.39,"267,960",0,-2.5211,TW0002330008
2021/07,2395,研華,85,3.29,"31,011",0.01,7.6796,TW0002395001
2021/07,2454,聯發科,143,13.81,"130,405",0.01,-1.6094,TW0002454006
2021/07,2474,可成,139,2.72,"25,715",0.02,1.6482,TW0002474004
2021/07,3008,大立光,12,3.8,"35,913",0.01,-5.4839,TW0003008009
2021/07,3034,聯詠,63,3.41,"32,193",0.01,2.4048,TW0003034005
2021/07,6415,矽力*-KY,15,5.81,"54,890",0.02,-0.3931,KYG8190F1028
2021/07,M1300,塑膠工業,,13.9,"131,215",,-0.9436,
2021/07,TT99,基金總規模,,,"943,992",,,
2021/06,1227,佳格,123,0.66,"6,629",0.01,0.7448,TW0001227007
2021/06,1229,聯華,215,1.07,"10,747",0.02,3.5197,TW0001229003
2021/06,1301,台塑,538,5.52,"55,443",0.01,-0.4828,TW0001301000
2021/06,1303,南亞,557,4.61,"46,303",0.01,-1.4218,TW0001303006
2021/06,1326,台化,442,3.73,"37,464",0.01,-1.0514,TW0001326007
2021/06,1434,福懋,268,0.87,"8,738",0.02,5.5018,TW0001434009
2021/06,1476,儒鴻,40,2.61,"26,215",0.01,1.7053,TW0001476000
2021/06,1722,台肥,182,1.07,"10,747",0.02,6.3176,TW0001722007
2021/06,2015,豐興,114,0.92,"9,240",0.02,8.1116,TW0002015005
2021/06,2108,南帝,72,1.03,"10,345",0.01,9.5422,TW0002108008
2021/06,2330,台積電,488,28.91,"290,371",0,0.0763,TW0002330008
2021/06,2360,致茂,88,1.68,"16,874",0.02,3.9848,TW0002360005
2021/06,2395,研華,89,3.06,"30,735",0.01,4.7039,TW0002395001
2021/06,2408,南亞科,247,1.96,"19,686",0.01,-2.6861,TW0002408002
2021/06,2441,超豐,92,0.72,"7,232",0.02,9.2924,TW0002441003
2021/06,2451,創見,96,0.71,"7,131",0.02,4.2312,TW0002451002
2021/06,2454,聯發科,151,14.49,"145,537",0.01,-3.3164,TW0002454006
2021/06,2458,義隆,64,1.24,"12,455",0.02,-7.82,TW0002458007
2021/06,2474,可成,147,2.66,"26,717",0.02,-1.087,TW0002474004
2021/06,3008,大立光,13,3.99,"40,075",0.01,2.3101,TW0003008009
2021/06,3034,聯詠,66,3.28,"32,944",0.01,-6.5544,TW0003034005
2021/06,3406,玉晶光,19,1.07,"10,747",0.02,20.7707,TW0003406005
2021/06,3532,台勝科,34,0.64,"6,428",0.01,12.1664,TW0003532008
2021/06,3533,嘉澤,19,1.1,"11,048",0.02,-1.5181,TW0003533006
2021/06,3653,健策,25,0.75,"7,533",0.02,5.7792,TW0003653002
2021/06,3706,神達,266,0.73,"7,332",0.02,-2.1277,TW0003706008
2021/06,5269,祥碩,8,1.13,"11,350",0.01,-10.9273,TW0005269005
2021/06,6269,台郡,82,1.1,"11,048",0.02,18.3029,TW0006269004
2021/06,6271,同欣電,42,0.88,"8,839",0.02,16.1203,TW0006271000
2021/06,6415,矽力*-KY,15,5.81,"58,356",0.02,2.9892,KYG8190F1028
2021/06,6452,康友-KY,,0,0,,,KYG7060F1019
2021/06,M1200,食品工業,,1.73,"17,376",,0.2124,
2021/06,M1300,塑膠工業,,13.86,"139,210",,-0.0726,
2021/06,M1400,紡織纖維,,3.48,"34,953",,1.8924,
2021/06,M1700,化學生技醫療,,1.07,"10,747",,4.4338,
2021/06,M2000,鋼鐵工業,,0.92,"9,240",,15.9004,
2021/06,M2100,橡膠工業,,1.03,"10,345",,3.5397,
2021/06,M2300,電子工業,,75.91,"762,438",,0.4976,
2021/06,MTSE,國內上市,,98,"984,310",,4.0252,
2021/06,TT99,基金總規模,,,"1,004,398",,,
2021/05,1301,台塑,568,5.48,"58,788",0.01,-2.3585,TW0001301000
2021/05,1303,南亞,589,4.64,"49,712",0.01,-4.3082,TW0001303006
2021/05,1326,台化,467,3.73,"39,975",0.01,-5.8305,TW0001326007
2021/05,2330,台積電,516,28.73,"308,052",0,-0.4998,TW0002330008
2021/05,2395,研華,94,2.89,"31,038",0.01,-7.4439,TW0002395001
2021/05,2454,聯發科,160,14.87,"159,500",0.01,-16.0339,TW0002454006
2021/05,2474,可成,155,2.66,"28,520",0.02,-6.8355,TW0002474004
2021/05,3008,大立光,14,3.86,"41,420",0.01,-2.5725,TW0003008009
2021/05,3034,聯詠,70,3.49,"37,380",0.01,-14.423,TW0003034005
2021/05,6415,矽力*-KY,16,5.58,"59,833",0.02,25.8116,KYG8190F1028
2021/05,M1300,塑膠工業,,13.85,"148,513",,-5.3562,
2021/05,TT99,基金總規模,,,"1,072,294",,,
2021/04,1301,台塑,729,7.42,"77,274",0.01,4.9508,TW0001301000
2021/04,1303,南亞,755,6.4,"66,591",0.01,10.5265,TW0001303006
2021/04,1326,台化,634,5.54,"57,631",0.01,3.7673,TW0001326007
2021/04,2330,台積電,404,23.28,"242,400",0,2.2148,TW0002330008
2021/04,2395,研華,63,2.16,"22,498",0.01,0.5651,TW0002395001
2021/04,2454,聯發科,206,23.47,"244,399",0.01,22.2909,TW0002454006
2021/04,3008,大立光,14,4.15,"43,176",0.01,-3.1153,TW0003008009
2021/04,3034,聯詠,84,5.03,"52,416",0.01,8.5216,TW0003034005
2021/04,6415,矽力*-KY,11,3.2,"33,301",0.01,26.8982,KYG8190F1028
2021/04,6505,台塑化,339,3.37,"35,087",0,6.9213,TW0006505001
2021/04,M1300,塑膠工業,,19.36,"201,567",,9.3482,
2021/04,M9700,油電燃氣業,,3.37,"35,087",,6.45,
2021/04,TT99,基金總規模,,,"1,041,151",,,
2021/03,1227,佳格,72,0.38,"4,243",0.01,6.5453,TW0001227007
2021/03,1229,聯華,149,0.63,"7,034",0.01,12.204,TW0001229003
2021/03,1301,台塑,830,7.51,"83,830",0.01,3.5896,TW0001301000
2021/03,1303,南亞,860,6.15,"68,628",0.01,9.7662,TW0001303006
2021/03,1326,台化,722,5.66,"63,247",0.01,1.8607,TW0001326007
2021/03,1434,福懋,174,0.48,"5,359",0.01,1.4826,TW0001434009
2021/03,1476,儒鴻,31,1.33,"14,880",0.01,11.7576,TW0001476000
2021/03,1477,聚陽,33,0.72,"8,039",0.01,21.1301,TW0001477008
2021/03,1707,葡萄王,19,0.31,"3,461",0.01,0.5525,TW0001707008
2021/03,1722,台肥,126,0.64,"7,146",0.01,5.8052,TW0001722007
2021/03,2330,台積電,459,24.13,"269,433",0,-2.7346,TW0002330008
2021/03,2354,鴻準,224,1.46,"16,262",0.02,3.7144,TW0002354008
2021/03,2360,致茂,64,1.08,"12,064",0.02,-7.824,TW0002360005
2021/03,2395,研華,71,2.26,"25,203",0.01,-2.3448,TW0002395001
2021/03,2408,南亞科,192,1.58,"17,645",0.01,-4.7669,TW0002408002
2021/03,2441,超豐,53,0.34,"3,796",0.01,-0.0002,TW0002441003
2021/03,2451,創見,56,0.33,"3,684",0.01,-0.1528,TW0002451002
2021/03,2454,聯發科,234,20.31,"226,746",0.01,8.1469,TW0002454006
2021/03,2458,義隆,46,0.81,"9,044",0.02,13.6627,TW0002458007
2021/03,2474,可成,120,2.27,"25,380",0.02,10.1563,TW0002474004
2021/03,3008,大立光,16,4.54,"50,724",0.01,-2.5798,TW0003008009
2021/03,3034,聯詠,95,4.89,"54,625",0.02,21.3082,TW0003034005
2021/03,3533,嘉澤,13,0.58,"6,476",0.01,-3.7573,TW0003533006
2021/03,5269,祥碩,6,0.76,"8,485",0.01,-12.3529,TW0005269005
2021/03,6269,台郡,51,0.57,"6,364",0.01,-0.397,TW0006269004
2021/03,6271,同欣電,17,0.32,"3,573",0.01,-4.6619,TW0006271000
2021/03,6415,矽力*-KY,13,2.68,"29,870",0.01,-13.9926,KYG8190F1028
2021/03,6452,康友-KY,6,0.03,335,0.01,0,KYG7060F1019
2021/03,6505,台塑化,386,3.35,"37,365",0,-3.2001,TW0006505001
2021/03,8464,億豐,31,1.11,"12,338",0.01,2.0513,TW0008464009
2021/03,M1200,食品工業,,1.01,"11,277",,9.1508,
2021/03,M1300,塑膠工業,,19.32,"215,709",,5.7476,
2021/03,M1400,紡織纖維,,2.53,"28,248",,8.4878,
2021/03,M9700,油電燃氣業,,3.35,"37,403",,-2.8851,
2021/03,M9900,其他,,1.11,"12,393",,10.0639,
2021/03,TT99,基金總規模,,,"1,116,505",,,
2021/02,1301,台塑,592,7.4,"57,720",0.01,12.0689,TW0001301000
2021/02,1303,南亞,614,5.72,"44,638",0.01,10.823,TW0001303006
2021/02,1326,台化,515,5.68,"44,290",0.01,11.1113,TW0001326007
2021/02,2330,台積電,328,25.48,"198,768",0,2.5381,TW0002330008
2021/02,2395,研華,51,2.38,"18,559",0.01,4.7688,TW0002395001
2021/02,2454,聯發科,167,19.18,"149,632",0.01,2.3999,TW0002454006
2021/02,3008,大立光,11,4.76,"37,168",0.01,12.0748,TW0003008009
2021/02,3034,聯詠,68,4.13,"32,232",0.01,20.3047,TW0003034005
2021/02,6415,矽力*-KY,9,3.18,"24,790",0.01,2.4855,KYG8190F1028
2021/02,6505,台塑化,275,3.52,"27,500",0,12.2333,TW0006505001
2021/02,M1300,塑膠工業,,18.8,"146,673",,11.6441,
2021/02,M9700,油電燃氣業,,3.52,"27,462",,11.4138,
2021/02,TT99,基金總規模,,,"780,174",,,
2021/01,1301,台塑,450,6.99,"39,150",0.01,-9.7508,TW0001301000
2021/01,1303,南亞,466,5.46,"30,570",0.01,-8.762,TW0001303006
2021/01,1326,台化,391,5.41,"30,263",0.01,-8.6187,TW0001326007
2021/01,2330,台積電,248,26.18,"146,568",0,11.5096,TW0002330008
2021/01,2395,研華,38,2.36,"13,216",0,-1.1427,TW0002395001
2021/01,2454,聯發科,127,19.85,"111,125",0.01,17.135,TW0002454006
2021/01,3008,大立光,9,4.5,"25,166",0.01,-7.9812,TW0003008009
2021/01,3034,聯詠,52,3.66,"20,488",0.01,6.7753,TW0003034005
2021/01,6415,矽力*-KY,7,3.28,"18,357",0.01,8.5062,KYG8190F1028
2021/01,6505,台塑化,209,3.33,"18,622",0,-10.7216,TW0006505001
2021/01,M1300,塑膠工業,,17.86,"99,978",,-9.7097,
2021/01,M9700,油電燃氣業,,3.33,"18,641",,-10.1614,
2021/01,TT99,基金總規模,,,"559,789",,,
2020/12,1227,佳格,19,0.45,"1,169",0,-1.7625,TW0001227007
2020/12,1229,聯華,40,0.65,"1,689",0,3.3979,TW0001229003
2020/12,1301,台塑,219,8.12,"21,112",0,13.1457,TW0001301000
2020/12,1303,南亞,227,6.28,"16,321",0,11.9937,TW0001303006
2020/12,1326,台化,190,6.19,"16,093",0,10,TW0001326007
2020/12,1434,福懋,46,0.55,"1,429",0,1.3051,TW0001434009
2020/12,1476,儒鴻,8,1.3,"3,380",0,5.625,TW0001476000
2020/12,1477,聚陽,9,0.63,"1,637",0,3.7941,TW0001477008
2020/12,1707,葡萄王,5,0.34,884,0,-1.9338,TW0001707008
2020/12,1722,台肥,33,0.69,"1,793",0,0.185,TW0001722007
2020/12,2330,台積電,121,24.68,"64,130",0,10.8445,TW0002330008
2020/12,2354,鴻準,59,1.21,"3,151",0,1.5211,TW0002354008
2020/12,2360,致茂,17,1.1,"2,856",0,11.9998,TW0002360005
2020/12,2395,研華,19,2.59,"6,719",0,14.0062,TW0002395001
2020/12,2408,南亞科,51,1.7,"4,427",0,19.8895,TW0002408002
2020/12,2441,超豐,14,0.3,780,0,1.8184,TW0002441003
2020/12,2451,創見,15,0.38,988,0,0.6193,TW0002451002
2020/12,2454,聯發科,62,17.82,"46,314",0,6.1082,TW0002454006
2020/12,2458,義隆,12,0.62,"1,611",0,1.1366,TW0002458007
2020/12,2474,可成,32,2.54,"6,592",0,9.5747,TW0002474004
2020/12,3008,大立光,4,5.12,"13,307",0,-0.9301,TW0003008009
2020/12,3034,聯詠,25,3.55,"9,225",0,23.4114,TW0003034005
2020/12,3533,嘉澤,3,0.55,"1,429",0,6.6291,TW0003533006
2020/12,5269,祥碩,1,0.6,"1,559",0,-4.5593,TW0005269005
2020/12,6269,台郡,13,0.61,"1,585",0,0.8334,TW0006269004
2020/12,6271,同欣電,5,0.31,806,0,-10.8314,TW0006271000
2020/12,6415,矽力*-KY,3,2.78,"7,230",0,8.5586,KYG8190F1028
2020/12,6452,康友-KY,,0.11,286,,,KYG7060F1019
2020/12,6505,台塑化,102,3.92,"10,180",0,10.2761,TW0006505001
2020/12,8464,億豐,8,1,"2,608",0,-3.1203,TW0008464009
2020/12,M1200,食品工業,,1.1,"2,859",,4.145,
2020/12,M1300,塑膠工業,,20.59,"53,510",,11.4214,
2020/12,M1400,紡織纖維,,2.48,"6,445",,4.4549,
2020/12,M9700,油電燃氣業,,3.92,"10,187",,9.4667,
2020/12,M9900,其他,,1,"2,599",,0.8782,
2020/12,TT99,基金總規模,,,"259,882",,,
2020/11,1301,台塑,229,7.77,"19,511",0,7.7116,TW0001301000
2020/11,1303,南亞,237,6.06,"15,215",0,9.3697,TW0001303006
2020/11,1326,台化,199,6.1,"15,323",0,11.9187,TW0001326007
2020/11,2330,台積電,127,24.29,"61,024",0,11.2268,TW0002330008
2020/11,2454,聯發科,65,18.22,"45,760",0,3.8348,TW0002454006
2020/11,2474,可成,33,2.47,"6,204",0,4.1552,TW0002474004
2020/11,3008,大立光,4,5.6,"14,067",0,6.6115,TW0003008009
2020/11,3034,聯詠,26,3.09,"7,774",0,11.9852,TW0003034005
2020/11,6415,矽力*-KY,4,3.54,"8,880",0,26.1364,KYG8190F1028
2020/11,6505,台塑化,106,3.82,"9,593",0,15.14,TW0006505001
2020/11,M1300,塑膠工業,,19.93,"50,063",,9.347,
2020/11,M9700,油電燃氣業,,3.82,"9,596",,14.3202,
2020/11,TT99,基金總規模,,,"251,196",,,
2020/10,1301,台塑,251,7.85,"19,854",0,0.6363,TW0001301000
2020/10,1303,南亞,260,6.03,"15,262",0,-1.3445,TW0001303006
2020/10,1326,台化,218,5.93,"14,998",0,1.625,TW0001326007
2020/10,2330,台積電,139,23.73,"60,048",0,-0.231,TW0002330008
2020/10,2454,聯發科,71,19.03,"48,138",0,11.697,TW0002454006
2020/10,2474,可成,36,2.57,"6,498",0,-0.551,TW0002474004
2020/10,3008,大立光,5,5.71,"14,456",0,-9.9704,TW0003008009
2020/10,3034,聯詠,29,3.06,"7,743",0,0.565,TW0003034005
2020/10,6415,矽力*-KY,4,2.78,"7,040",0,3.2258,KYG8190F1028
2020/10,6505,台塑化,117,3.63,"9,196",0,-1.7498,TW0006505001
2020/10,M1300,塑膠工業,,19.81,"50,124",,0.9937,
2020/10,M9700,油電燃氣業,,3.63,"9,185",,-1.4944,
2020/10,TT99,基金總規模,,,"253,025",,,
2020/09,1227,佳格,22,0.53,"1,327",0,-4.5527,TW0001227007
2020/09,1229,聯華,45,0.72,"1,802",0,-5.3507,TW0001229003
2020/09,1301,台塑,251,7.88,"19,729",0,0.5117,TW0001301000
2020/09,1303,南亞,260,6.18,"15,470",0,-3.252,TW0001303006
2020/09,1326,台化,218,5.9,"14,759",0,-0.1473,TW0001326007
2020/09,1434,福懋,52,0.65,"1,627",0,-1.2636,TW0001434009
2020/09,1476,儒鴻,9,1.29,"3,231",0,-7.3548,TW0001476000
2020/09,1477,聚陽,10,0.66,"1,652",0,-13.4178,TW0001477008
2020/09,1707,葡萄王,6,0.41,"1,026",0,-6.1112,TW0001707008
2020/09,1722,台肥,38,0.77,"1,927",0,-6.6299,TW0001722007
2020/09,2330,台積電,139,24.05,"60,187",0,2.0898,TW0002330008
2020/09,2354,鴻準,68,1.4,"3,502",0,-1.3407,TW0002354008
2020/09,2360,致茂,19,1.16,"2,907",0,-4.9688,TW0002360005
2020/09,2395,研華,21,2.46,"6,168",0,-4.1188,TW0002395001
2020/09,2408,南亞科,58,1.33,"3,335",0,10.7901,TW0002408002
2020/09,2441,超豐,16,0.31,776,0,-2.1912,TW0002441003
2020/09,2451,創見,17,0.43,"1,076",0,-4.7041,TW0002451002
2020/09,2454,聯發科,71,17.22,"43,097",0,9.1724,TW0002454006
2020/09,2458,義隆,14,0.81,"2,027",0,2.4647,TW0002458007
2020/09,2474,可成,36,2.61,"6,534",0,-4.822,TW0002474004
2020/09,3008,大立光,5,6.42,"16,057",0,-0.7385,TW0003008009
2020/09,3034,聯詠,29,3.08,"7,700",0,10.6249,TW0003034005
2020/09,3533,嘉澤,4,0.74,"1,852",0,7.7102,TW0003533006
2020/09,5269,祥碩,2,1.16,"2,910",0,-17.5638,TW0005269005
2020/09,6269,台郡,15,0.73,"1,827",0,-3.5715,TW0006269004
2020/09,6271,同欣電,7,0.37,926,0,0.3773,TW0006271000
2020/09,6415,矽力*-KY,4,2.72,"6,820",0,-8.5792,KYG8190F1028
2020/09,6452,康友-KY,,0.12,300,,,KYG7060F1019
2020/09,6505,台塑化,117,3.74,"9,360",0,-2.4389,TW0006505001
2020/09,8464,億豐,9,1.24,"3,092",0,1.6271,TW0008464009
2020/09,M1200,食品工業,,1.25,"3,129",,-4.917,
2020/09,M1300,塑膠工業,,19.96,"49,960",,-0.9149,
2020/09,M1400,紡織纖維,,2.6,"6,508",,-4.6646,
2020/09,M9700,油電燃氣業,,3.74,"9,361",,-2.2061,
2020/09,M9900,其他,,1.24,"3,104",,-2.6047,
2020/09,TT99,基金總規模,,,"250,301",,,
2020/08,1301,台塑,282,7.85,"22,052",0,-0.3824,TW0001301000
2020/08,1303,南亞,292,6.4,"17,958",0,0.6548,TW0001303006
2020/08,1326,台化,245,5.92,"16,611",0,0.5936,TW0001326007
2020/08,2330,台積電,156,23.7,"66,534",0,0.2351,TW0002330008
2020/08,2454,聯發科,80,15.84,"44,480",0.01,-20.6848,TW0002454006
2020/08,2474,可成,40,2.86,"8,020",0.01,-7.1761,TW0002474004
2020/08,3008,大立光,5,6.47,"18,157",0,-9.7037,TW0003008009
2020/08,3034,聯詠,32,2.74,"7,680",0.01,-17.2415,TW0003034005
2020/08,6415,矽力*-KY,4,2.66,"7,460",0,6.268,KYG8190F1028
2020/08,6505,台塑化,131,3.83,"10,742",0,0.6136,TW0006505001
2020/08,M1300,塑膠工業,,20.17,"56,630",,1.566,
2020/08,M9700,油電燃氣業,,3.83,"10,753",,0.5146,
2020/08,TT99,基金總規模,,,"280,763",,,
2020/07,1301,台塑,277,7.33,"21,745",0,-5.6829,TW0001301000
2020/07,1303,南亞,287,5.91,"17,536",0,-2.2068,TW0001303006
2020/07,1326,台化,241,5.48,"16,243",0,-6.2975,TW0001326007
2020/07,2330,台積電,153,21.95,"65,102",0,35.9425,TW0002330008
2020/07,2395,研華,24,2.52,"7,477",0,17.6506,TW0002395001
2020/07,2454,聯發科,78,18.43,"54,678",0,23.2294,TW0002454006
2020/07,2474,可成,40,2.91,"8,640",0.01,-2.7027,TW0002474004
2020/07,3008,大立光,5,6.8,"20,173",0,-6.3647,TW0003008009
2020/07,3034,聯詠,32,3.13,"9,280",0.01,32.112,TW0003034005
2020/07,6505,台塑化,129,3.54,"10,514",0,-7.9097,TW0006505001
2020/07,M1300,塑膠工業,,18.72,"55,533",,-8.2847,
2020/07,M9700,油電燃氣業,,3.54,"10,502",,-7.3107,
2020/07,TT99,基金總規模,,,"296,653",,,
2020/06,1227,佳格,31,0.58,"1,967",0,-0.7876,TW0001227007
2020/06,1229,聯華,54,0.68,"2,306",0,2.9056,TW0001229003
2020/06,1301,台塑,353,9.12,"30,934",0.01,5.5423,TW0001301000
2020/06,1303,南亞,365,6.95,"23,573",0,2.7026,TW0001303006
2020/06,1326,台化,307,6.85,"23,234",0.01,5.1389,TW0001326007
2020/06,1434,福懋,74,0.79,"2,680",0,6.4328,TW0001434009
2020/06,1476,儒鴻,13,1.31,"4,443",0,10.6794,TW0001476000
2020/06,1477,聚陽,14,0.62,"2,103",0.01,7.639,TW0001477008
2020/06,1707,葡萄王,8,0.45,"1,526",0.01,3.9502,TW0001707008
2020/06,1722,台肥,53,0.78,"2,646",0.01,1.7381,TW0001722007
2020/06,2330,台積電,195,17.99,"61,020",0,8.0438,TW0002330008
2020/06,2354,鴻準,95,1.58,"5,359",0.01,4.8239,TW0002354008
2020/06,2360,致茂,27,1.21,"4,104",0.01,15.6488,TW0002360005
2020/06,2395,研華,28,2.44,"8,276",0,-0.505,TW0002395001
2020/06,2408,南亞科,82,1.47,"4,986",0,2.0065,TW0002408002
2020/06,2441,超豐,22,0.3,"1,018",0,2.7777,TW0002441003
2020/06,2451,創見,24,0.51,"1,730",0.01,2.4186,TW0002451002
2020/06,2454,聯發科,100,17.07,"57,899",0.01,25.0539,TW0002454006
2020/06,2458,義隆,20,0.71,"2,408",0.01,27.2233,TW0002458007
2020/06,2474,可成,51,3.34,"11,329",0.01,1.835,TW0002474004
2020/06,3008,大立光,7,8.09,"27,440",0.01,6.5191,TW0003008009
2020/06,3034,聯詠,41,2.76,"9,362",0.01,11.2193,TW0003034005
2020/06,3533,嘉澤,5,0.56,"1,899",0,-6.0795,TW0003533006
2020/06,5269,祥碩,2,0.85,"2,883",0,26.4313,TW0005269005
2020/06,6269,台郡,22,0.79,"2,680",0.01,11.9817,TW0006269004
2020/06,6271,同欣電,10,0.41,"1,391",0,5.6602,TW0006271000
2020/06,6415,矽力*-KY,6,3.4,"11,532",0.01,18.5186,KYG8190F1028
2020/06,6452,康友-KY,6,0.3,"1,018",0.01,8.2508,KYG7060F1019
2020/06,6505,台塑化,164,4.28,"14,517",0,4.1928,TW0006505001
2020/06,8464,億豐,13,1.1,"3,731",0,11.8675,TW0008464009
2020/06,M1200,食品工業,,1.26,"4,274",,-0.8863,
2020/06,M1300,塑膠工業,,22.92,"77,741",,4.0607,
2020/06,M1400,紡織纖維,,2.72,"9,226",,8.8285,
2020/06,M1700,化學生技醫療,,1.53,"5,190",,6.4204,
2020/06,M2300,電子工業,,63.48,"215,315",,8.0684,
2020/06,M9700,油電燃氣業,,4.28,"14,517",,1.0693,
2020/06,M9900,其他,,1.1,"3,731",,4.4314,
2020/06,MTSE,國內上市,,97.29,"329,994",,6.2061,
2020/06,TT99,基金總規模,,,"339,186",,,
2020/05,1301,台塑,373,9.4,"30,959",0.01,-5.5746,TW0001301000
2020/05,1303,南亞,386,7.38,"24,279",0,-4.9849,TW0001303006
2020/05,1326,台化,324,7.09,"23,328",0.01,-5.1381,TW0001326007
2020/05,2330,台積電,207,18.36,"60,444",0,-4.1052,TW0002330008
2020/05,2454,聯發科,105,14.77,"48,615",0.01,11.5663,TW0002454006
2020/05,2474,可成,54,3.58,"11,772",0.01,-4.3859,TW0002474004
2020/05,3008,大立光,7,8.27,"27,232",0.01,-6.6913,TW0003008009
2020/05,3034,聯詠,43,2.68,"8,815",0.01,9.9195,TW0003034005
2020/05,6415,矽力*-KY,6,2.95,"9,720",0.01,35.5649,KYG8190F1028
2020/05,6505,台塑化,173,4.61,"15,172",0,-2.2296,TW0006505001
2020/05,M1300,塑膠工業,,23.87,"78,576",,-4.2419,
2020/05,M9700,油電燃氣業,,4.61,"15,175",,-1.7397,
2020/05,TT99,基金總規模,,,"329,183",,,
2020/04,1301,台塑,345,9.2,"30,326",0.01,17.044,TW0001301000
2020/04,1303,南亞,380,7.63,"25,156",0,21.0235,TW0001303006
2020/04,1326,台化,283,6.51,"21,480",0,13.2834,TW0001326007
2020/04,2330,台積電,254,23.45,"77,343",0,11.1313,TW0002330008
2020/04,2395,研華,29,2.5,"8,236",0,13.8275,TW0002395001
2020/04,2454,聯發科,98,12.33,"40,670",0.01,26.7176,TW0002454006
2020/04,2474,可成,56,3.87,"12,768",0.01,16.6237,TW0002474004
2020/04,3008,大立光,7,8.63,"28,466",0.01,7.3106,TW0003008009
2020/04,3034,聯詠,43,2.43,"8,020",0.01,8.4302,TW0003034005
2020/04,6505,台塑化,171,4.65,"15,339",0,10.1965,TW0006505001
2020/04,M1300,塑膠工業,,23.34,"76,971",,17.6318,
2020/04,M9700,油電燃氣業,,4.65,"15,335",,9.9943,
2020/04,TT99,基金總規模,,,"329,781",,,
2020/03,1227,佳格,34,0.72,"2,064",0,-10.1619,TW0001227007
2020/03,1229,聯華,61,0.79,"2,265",0.01,-1.9736,TW0001229003
2020/03,1301,台塑,345,9.04,"25,920",0.01,-17.4725,TW0001301000
2020/03,1303,南亞,380,7.25,"20,788",0,-19.6769,TW0001303006
2020/03,1326,台化,283,6.61,"18,953",0,-18.4918,TW0001326007
2020/03,1434,福懋,79,0.85,"2,437",0,-8.0598,TW0001434009
2020/03,1476,儒鴻,15,1.26,"3,613",0.01,-33.1945,TW0001476000
2020/03,1477,聚陽,15,0.54,"1,548",0.01,-28.6195,TW0001477008
2020/03,1707,葡萄王,9,0.62,"1,778",0.01,-10.4545,TW0001707008
2020/03,2204,中華,20,0.17,487,0,-29.2613,TW0002204005
2020/03,2330,台積電,254,24.27,"69,588",0,-12.4172,TW0002330008
2020/03,2354,鴻準,100,1.73,"4,960",0.01,-16.8066,TW0002354008
2020/03,2395,研華,29,2.52,"7,225",0,-15.2802,TW0002395001
2020/03,2408,南亞科,88,1.65,"4,731",0,-30.5306,TW0002408002
2020/03,2441,超豐,25,0.37,"1,061",0,-11.0172,TW0002441003
2020/03,2454,聯發科,98,11.19,"32,085",0.01,-9.0277,TW0002454006
2020/03,2455,全新,14,0.38,"1,090",0.01,-19.8163,TW0002455003
2020/03,2458,義隆,21,0.61,"1,749",0.01,-0.119,TW0002458007
2020/03,2474,可成,56,3.82,"10,953",0.01,-17.5105,TW0002474004
2020/03,3008,大立光,7,9.25,"26,522",0.01,-13.5439,TW0003008009
2020/03,3034,聯詠,43,2.58,"7,398",0.01,-12.0206,TW0003034005
2020/03,3533,嘉澤,6,0.58,"1,663",0.01,-7.0945,TW0003533006
2020/03,4137,麗豐-KY,4,0.24,688,0.01,-7.5067,KYG211641017
2020/03,5269,祥碩,3,0.81,"2,322",0.01,-1.1554,TW0005269005
2020/03,6269,台郡,22,0.73,"2,093",0.01,-15.9473,TW0006269004
2020/03,6271,同欣電,12,0.45,"1,290",0.01,-28.3829,TW0006271000
2020/03,6415,矽力*-KY,6,2.07,"5,935",0.01,-2.4631,KYG8190F1028
2020/03,6452,康友-KY,6,0.31,889,0.01,-29.3271,KYG7060F1019
2020/03,6505,台塑化,171,4.85,"13,906",0,-5.4587,TW0006505001
2020/03,8464,億豐,14,0.88,"2,523",0,-26.0246,TW0008464009
2020/03,M1200,食品工業,,1.51,"4,330",,-9.222,
2020/03,M1300,塑膠工業,,22.9,"65,660",,-18.2591,
2020/03,M1400,紡織纖維,,2.65,"7,598",,-21.292,
2020/03,M1700,化學生技醫療,,1.17,"3,355",,-16.7949,
2020/03,M2200,汽車工業,,0.17,487,,-21.5802,
2020/03,M2300,電子工業,,63.01,"180,666",,-12.8628,
2020/03,M9700,油電燃氣業,,4.85,"13,906",,-5.6236,
2020/03,M9900,其他,,0.88,"2,523",,-19.6581,
2020/03,MTSE,國內上市,,97.14,"278,525",,-14.0284,
2020/03,TT99,基金總規模,,,"286,726",,,
2020/02,1301,台塑,338,9.45,"30,758",0.01,-2.5697,TW0001301000
2020/02,1303,南亞,372,7.78,"25,333",0,-2.2954,TW0001303006
2020/02,1326,台化,277,6.99,"22,769",0,-3.1804,TW0001326007
2020/02,2330,台積電,248,24.07,"78,368",0,-1.2502,TW0002330008
2020/02,2395,研華,28,2.53,"8,246",0,1.2028,TW0002395001
2020/02,2454,聯發科,96,10.62,"34,560",0.01,-7.2166,TW0002454006
2020/02,2474,可成,54,3.93,"12,798",0.01,-2.8687,TW0002474004
2020/02,3008,大立光,7,9.22,"30,022",0.01,-7.8044,TW0003008009
2020/02,3034,聯詠,42,2.52,"8,211",0.01,-10.3212,TW0003034005
2020/02,6505,台塑化,168,4.44,"14,465",0,-4.2269,TW0006505001
2020/02,M1300,塑膠工業,,24.22,"78,852",,-2.604,
2020/02,M9700,油電燃氣業,,4.44,"14,455",,-3.8842,
2020/02,TT99,基金總規模,,,"325,565",,,
2020/01,1301,台塑,297,9.33,"27,740",0,-6.4127,TW0001301000
2020/01,1303,南亞,327,7.66,"22,792",0,-4.2582,TW0001303006
2020/01,1326,台化,244,6.96,"20,716",0,-2.9716,TW0001326007
2020/01,2330,台積電,218,23.45,"69,760",0,-3.3233,TW0002330008
2020/01,2395,研華,25,2.45,"7,275",0,-3.6425,TW0002395001
2020/01,2454,聯發科,84,10.96,"32,592",0.01,-12.5143,TW0002454006
2020/01,2474,可成,48,3.94,"11,712",0.01,7.4889,TW0002474004
2020/01,3008,大立光,6,9.62,"28,628",0,-3.8999,TW0003008009
2020/01,3034,聯詠,37,2.71,"8,066",0.01,-0.4568,TW0003034005
2020/01,6505,台塑化,147,4.44,"13,215",0,-7.7947,TW0006505001
2020/01,M1300,塑膠工業,,23.95,"71,245",,-5.063,
2020/01,M9700,油電燃氣業,,4.44,"13,208",,-7.0898,
2020/01,TT99,基金總規模,,,"297,472",,,
2019/12,1227,佳格,29,0.65,"2,030",0,4.9773,TW0001227007
2019/12,1229,聯華,52,0.62,"1,936",0.01,3.9382,TW0001229003
2019/12,1301,台塑,298,9.52,"29,740",0.01,2.6749,TW0001301000
2019/12,1303,南亞,328,7.65,"23,878",0,1.8183,TW0001303006
2019/12,1326,台化,245,6.86,"21,438",0,0.2289,TW0001326007
2019/12,1434,福懋,68,0.74,"2,311",0,0.5884,TW0001434009
2019/12,1476,儒鴻,13,1.68,"5,239",0.01,1.7675,TW0001476000
2019/12,1477,聚陽,13,0.64,"1,999",0.01,3.6181,TW0001477008
2019/12,1707,葡萄王,8,0.5,"1,561",0.01,1.8279,TW0001707008
2019/12,2204,中華,18,0.23,718,0,-0.3821,TW0002204005
2019/12,2330,台積電,219,23.21,"72,489",0,9.3348,TW0002330008
2019/12,2354,鴻準,87,1.84,"5,759",0.01,-0.6005,TW0002354008
2019/12,2395,研華,25,2.42,"7,550",0,0.8347,TW0002395001
2019/12,2408,南亞科,76,2.03,"6,338",0,17.135,TW0002408002
2019/12,2441,超豐,22,0.34,"1,062",0,4.1349,TW0002441003
2019/12,2454,聯發科,84,11.93,"37,254",0.01,5.2192,TW0002454006
2019/12,2455,全新,12,0.45,"1,405",0.01,-0.8405,TW0002455003
2019/12,2458,義隆,18,0.53,"1,655",0.01,2.0135,TW0002458007
2019/12,2474,可成,48,3.49,"10,896",0.01,-9.018,TW0002474004
2019/12,3008,大立光,6,9.57,"29,885",0,12.7396,TW0003008009
2019/12,3034,聯詠,37,2.59,"8,103",0.01,-2.0135,TW0003034005
2019/12,3533,嘉澤,5,0.52,"1,624",0,6.2604,TW0003533006
2019/12,4137,麗豐-KY,4,0.3,937,0.01,-0.4183,KYG211641017
2019/12,5269,祥碩,2,0.42,"1,312",0,15.873,TW0005269005
2019/12,6269,台郡,19,0.7,"2,186",0.01,1.3276,TW0006269004
2019/12,6271,同欣電,10,0.5,"1,561",0.01,23.2283,TW0006271000
2019/12,6415,矽力*-KY,5,1.52,"4,750",0.01,6.982,KYG8190F1028
2019/12,6452,康友-KY,5,0.36,"1,124",0.01,1.6392,KYG7060F1019
2019/12,6505,台塑化,148,4.62,"14,430",0,1.5624,TW0006505001
2019/12,8464,億豐,12,1.06,"3,324",0,-1.0714,TW0008464009
2019/12,M1200,食品工業,,1.27,"3,966",,2.6888,
2019/12,M1300,塑膠工業,,24.03,"75,045",,1.6797,
2019/12,M1400,紡織纖維,,3.06,"9,556",,1.235,
2019/12,M2200,汽車工業,,0.23,718,,7.9076,
2019/12,M9700,油電燃氣業,,4.62,"14,428",,1.6062,
2019/12,M9900,其他,,1.06,"3,310",,0.6173,
2019/12,TT99,基金總規模,,,"312,296",,,
2019/11,1301,台塑,298,9.71,"28,966",0.01,-0.6136,TW0001301000
2019/11,1303,南亞,328,7.87,"23,452",0,-0.6944,TW0001303006
2019/11,1326,台化,245,7.17,"21,389",0,-1.4672,TW0001326007
2019/11,2330,台積電,219,22.4,"66,795",0,2.1775,TW0002330008
2019/11,2395,研華,25,2.51,"7,488",0,-0.6632,TW0002395001
2019/11,2454,聯發科,84,11.87,"35,406",0.01,3.3089,TW0002454006
2019/11,2474,可成,48,4.02,"11,976",0.01,-3.2947,TW0002474004
2019/11,3008,大立光,6,8.89,"26,508",0,-0.7829,TW0003008009
2019/11,3034,聯詠,37,2.77,"8,270",0.01,14.0306,TW0003034005
2019/11,6505,台塑化,148,4.77,"14,208",0,-0.9288,TW0006505001
2019/11,M1300,塑膠工業,,24.75,"73,798",,-0.8309,
2019/11,M9700,油電燃氣業,,4.77,"14,223",,-0.9004,
2019/11,TT99,基金總規模,,,"298,174",,,
2019/10,1301,台塑,340,9.87,"33,252",0.01,3.4919,TW0001301000
2019/10,1303,南亞,375,8.01,"27,000",0.01,3.2998,TW0001303006
2019/10,1326,台化,279,7.34,"24,719",0.01,2.1914,TW0001326007
2019/10,2330,台積電,250,22.15,"74,625",0,9.7425,TW0002330008
2019/10,2395,研華,29,2.6,"8,744",0,10.4397,TW0002395001
2019/10,2454,聯發科,96,11.62,"39,168",0.01,10.5691,TW0002454006
2019/10,2474,可成,55,4.21,"14,190",0.01,9.7873,TW0002474004
2019/10,3008,大立光,7,9.05,"30,490",0.01,0.4493,TW0003008009
2019/10,3034,聯詠,42,2.44,"8,232",0.01,10.1123,TW0003034005
2019/10,6505,台塑化,169,4.86,"16,376",0,-1.3237,TW0006505001
2019/10,M1300,塑膠工業,,25.22,"84,975",,3.0794,
2019/10,M9700,油電燃氣業,,4.86,"16,375",,-1.1051,
2019/10,TT99,基金總規模,,,"336,936",,,
2019/09,1227,佳格,33,0.64,"2,050",0,-0.1606,TW0001227007
2019/09,1229,聯華,60,0.63,"2,018",0.01,-0.296,TW0001229003
2019/09,1301,台塑,340,10.03,"32,130",0.01,0.425,TW0001301000
2019/09,1303,南亞,375,8.16,"26,138",0.01,1.3083,TW0001303006
2019/09,1326,台化,279,7.55,"24,189",0.01,-1.5892,TW0001326007
2019/09,1434,福懋,78,0.82,"2,627",0.01,-0.7341,TW0001434009
2019/09,1476,儒鴻,15,1.95,"6,240",0.01,8.3331,TW0001476000
2019/09,1477,聚陽,15,0.75,"2,402",0.01,-11.0814,TW0001477008
2019/09,1707,葡萄王,9,0.52,"1,666",0.01,-4.145,TW0001707008
2019/09,2204,中華,49,0.38,"1,217",0,-1.3999,TW0002204005
2019/09,2330,台積電,250,21.23,"68,000",0,5.8119,TW0002330008
2019/09,2354,鴻準,99,2,"6,405",0.01,2.0505,TW0002354008
2019/09,2395,研華,29,2.47,"7,917",0,2.2472,TW0002395001
2019/09,2408,南亞科,87,2.19,"7,004",0,14.3469,TW0002408002
2019/09,2441,超豐,25,0.34,"1,089",0,4.1211,TW0002441003
2019/09,2454,聯發科,96,11.06,"35,424",0.01,0.4082,TW0002454006
2019/09,2455,全新,13,0.45,"1,441",0.01,17.8992,TW0002455003
2019/09,2458,義隆,21,0.56,"1,794",0.01,0.5869,TW0002458007
2019/09,2474,可成,55,4.04,"12,925",0.01,12.2224,TW0002474004
2019/09,3008,大立光,7,9.48,"30,353",0.01,14.3962,TW0003008009
2019/09,3034,聯詠,42,2.33,"7,476",0.01,-4.3012,TW0003034005
2019/09,3533,嘉澤,6,0.51,"1,634",0.01,8.3999,TW0003533006
2019/09,4137,麗豐-KY,4,0.26,833,0.01,-4.0724,KYG211641017
2019/09,5269,祥碩,3,0.45,"1,441",0.01,-3.9604,TW0005269005
2019/09,6269,台郡,22,0.65,"2,082",0.01,0.6397,TW0006269004
2019/09,6271,同欣電,12,0.47,"1,505",0.01,5.4392,TW0006271000
2019/09,6415,矽力*-KY,6,1.44,"4,614",0.01,10.1717,KYG8190F1028
2019/09,6452,康友-KY,5,0.33,"1,057",0.01,-6.8134,KYG7060F1019
2019/09,6505,台塑化,169,5.18,"16,596",0,1.0285,TW0006505001
2019/09,8464,億豐,14,1.19,"3,808",0.01,-1.0908,TW0008464009
2019/09,M1200,食品工業,,1.27,"4,068",,-2.2278,
2019/09,M1300,塑膠工業,,25.74,"82,449",,0.1636,
2019/09,M1400,紡織纖維,,3.52,"11,275",,0.5681,
2019/09,M2200,汽車工業,,0.38,"1,217",,1.4879,
2019/09,M9700,油電燃氣業,,5.18,"16,592",,1.0768,
2019/09,M9900,其他,,1.19,"3,812",,0.729,
2019/09,TT99,基金總規模,,,"320,313",,,
2019/08,1301,台塑,336,10.22,"31,618",0.01,-6.368,TW0001301000
2019/08,1303,南亞,370,8.23,"25,456",0.01,-3.5062,TW0001303006
2019/08,1326,台化,276,7.86,"24,316",0.01,-7.2631,TW0001326007
2019/08,2330,台積電,247,20.68,"63,973",0,-0.1927,TW0002330008
2019/08,2395,研華,28,2.42,"7,476",0,1.5207,TW0002395001
2019/08,2454,聯發科,95,11.29,"34,913",0.01,16.8521,TW0002454006
2019/08,2474,可成,54,3.85,"11,907",0.01,-4.5455,TW0002474004
2019/08,3008,大立光,7,8.48,"26,234",0.01,-6.8432,TW0003008009
2019/08,3034,聯詠,42,2.53,"7,812",0.01,12.0483,TW0003034005
2019/08,6505,台塑化,167,5.25,"16,232",0,-8.302,TW0006505001
2019/08,M1300,塑膠工業,,26.31,"81,394",,-5.5763,
2019/08,M9700,油電燃氣業,,5.25,"16,242",,-7.6923,
2019/08,TT99,基金總規模,,,"309,363",,,
2019/07,1301,台塑,297,10.5,"29,849",0.01,-7.4017,TW0001301000
2019/07,1303,南亞,327,8.2,"23,315",0,-3.0402,TW0001303006
2019/07,1326,台化,244,8.15,"23,180",0,-7.7675,TW0001326007
2019/07,2330,台積電,218,19.9,"56,571",0,8.5776,TW0002330008
2019/07,2395,研華,25,2.31,"6,575",0,2.2556,TW0002395001
2019/07,2454,聯發科,84,9.29,"26,418",0.01,3.0302,TW0002454006
2019/07,2474,可成,48,3.9,"11,088",0.01,3.8203,TW0002474004
2019/07,3008,大立光,6,8.91,"25,322",0,10.2465,TW0003008009
2019/07,3034,聯詠,37,2.16,"6,142",0.01,0.8206,TW0003034005
2019/07,6505,台塑化,147,5.48,"15,582",0,-4.0722,TW0006505001
2019/07,M1300,塑膠工業,,26.85,"76,347",,-9.2708,
2019/07,M9700,油電燃氣業,,5.48,"15,582",,-3.9678,
2019/07,TT99,基金總規模,,,"284,345",,,
2019/06,1227,佳格,29,0.63,"1,754",0,0.165,TW0001227007
2019/06,1229,聯華,50,0.67,"1,866",0.01,3.1724,TW0001229003
2019/06,1301,台塑,297,12.21,"34,007",0.01,3.6197,TW0001301000
2019/06,1303,南亞,327,9.23,"25,702",0,0.1273,TW0001303006
2019/06,1326,台化,243,8.99,"25,029",0,1.6379,TW0001326007
2019/06,1434,福懋,68,0.95,"2,646",0,0.5142,TW0001434009
2019/06,1476,儒鴻,13,1.86,"5,174",0.01,-3.0451,TW0001476000
2019/06,1477,聚陽,12,0.9,"2,506",0.01,1.2047,TW0001477008
2019/06,1707,葡萄王,8,0.59,"1,643",0.01,-2.8778,TW0001707008
2019/06,2204,中華,44,0.44,"1,225",0,0.5444,TW0002204005
2019/06,2330,台積電,218,18.71,"52,102",0,4.8552,TW0002330008
2019/06,2354,鴻準,86,1.95,"5,427",0.01,2.6017,TW0002354008
2019/06,2395,研華,25,2.37,"6,600",0,-0.3773,TW0002395001
2019/06,2408,南亞科,76,1.76,"4,902",0,4.7077,TW0002408002
2019/06,2441,超豐,22,0.34,947,0,3.9903,TW0002441003
2019/06,2454,聯發科,84,9.47,"26,376",0.01,0.9647,TW0002454006
2019/06,2455,全新,12,0.34,947,0.01,11.0897,TW0002455003
2019/06,2458,義隆,18,0.47,"1,309",0.01,0.1375,TW0002458007
2019/06,2474,可成,48,3.84,"10,680",0.01,15.8854,TW0002474004
2019/06,3008,大立光,6,8.23,"22,926",0,2.2546,TW0003008009
2019/06,3034,聯詠,37,2.3,"6,401",0.01,3.2836,TW0003034005
2019/06,3533,嘉澤,5,0.38,"1,058",0,-4.7086,TW0003533006
2019/06,4137,麗豐-KY,4,0.38,"1,058",0.01,2.6871,KYG211641017
2019/06,5269,祥碩,2,0.35,975,0,-13.8791,TW0005269005
2019/06,6269,台郡,19,0.59,"1,643",0.01,9.5298,TW0006269004
2019/06,6271,同欣電,10,0.39,"1,086",0.01,8.3741,TW0006271000
2019/06,6415,矽力*-KY,5,1.09,"3,040",0.01,35.7142,KYG8190F1028
2019/06,6452,康友-KY,4,0.33,919,0.01,4.1096,KYG7060F1019
2019/06,6505,台塑化,147,5.83,"16,244",0,-0.6222,TW0006505001
2019/06,8464,億豐,12,1.01,"2,802",0,1.3015,TW0008464009
2019/06,M1200,食品工業,,1.3,"3,620",,2.3094,
2019/06,M1300,塑膠工業,,30.43,"84,743",,-0.0034,
2019/06,M1400,紡織纖維,,3.71,"10,332",,-0.0257,
2019/06,M2200,汽車工業,,0.44,"1,225",,0.2771,
2019/06,M9700,油電燃氣業,,5.83,"16,236",,-4.4384,
2019/06,M9900,其他,,1.01,"2,813",,4.4339,
2019/06,TT99,基金總規模,,,"278,486",,,
2019/05,1301,台塑,297,12.12,"32,819",0.01,-1.3393,TW0001301000
2019/05,1303,南亞,327,9.48,"25,670",0,0.512,TW0001303006
2019/05,1326,台化,244,9.69,"26,230",0,-3.1532,TW0001326007
2019/05,2330,台積電,218,18.96,"51,339",0,-9.0734,TW0002330008
2019/05,2395,研華,25,2.45,"6,625",0,5.9998,TW0002395001
2019/05,2454,聯發科,84,9.65,"26,124",0.01,5.2454,TW0002454006
2019/05,2474,可成,48,3.4,"9,216",0.01,-21.4726,TW0002474004
2019/05,3008,大立光,6,8.29,"22,443",0,-18.9249,TW0003008009
2019/05,3034,聯詠,37,2.29,"6,198",0.01,-16.8735,TW0003034005
2019/05,6505,台塑化,147,6.3,"17,052",0,1.3102,TW0006505001
2019/05,M1300,塑膠工業,,31.29,"84,708",,-1.3888,
2019/05,M9700,油電燃氣業,,6.3,"17,055",,1.2475,
2019/05,TT99,基金總規模,,,"270,719",,,
2019/04,1301,台塑,227,10.24,"25,424",0,2.2832,TW0001301000
2019/04,1303,南亞,267,8.4,"20,853",0,-1.0139,TW0001303006
2019/04,1326,台化,212,9.48,"23,532",0,-0.8928,TW0001326007
2019/04,2330,台積電,200,20.87,"51,800",0,5.4992,TW0002330008
2019/04,2354,鴻準,94,2.62,"6,505",0.01,12.5202,TW0002354008
2019/04,2395,研華,27,2.72,"6,750",0,-2.3439,TW0002395001
2019/04,2454,聯發科,73,8.69,"21,572",0,4.6017,TW0002454006
2019/04,2474,可成,52,5.12,"12,714",0.01,3.1645,TW0002474004
2019/04,3008,大立光,6,11.76,"29,197",0,1.087,TW0003008009
2019/04,3034,聯詠,40,3.25,"8,060",0.01,1.7676,TW0003034005
2019/04,M1300,塑膠工業,,28.12,"69,789",,0.2027,
2019/04,TT99,基金總規模,,,"248,181",,,
2019/03,1227,佳格,32,0.68,"1,650",0,-1.7078,TW0001227007
2019/03,1229,聯華,54,0.75,"1,820",0.01,6.3192,TW0001229003
2019/03,1301,台塑,227,10.24,"24,857",0,6.8294,TW0001301000
2019/03,1303,南亞,267,8.68,"21,066",0,2.6008,TW0001303006
2019/03,1326,台化,212,9.78,"23,744",0,6.1613,TW0001326007
2019/03,1434,福懋,75,1.14,"2,760",0,3.516,TW0001434009
2019/03,1476,儒鴻,14,2.39,"5,810",0.01,17.7308,TW0001476000
2019/03,1477,聚陽,14,1.25,"3,024",0.01,15.1999,TW0001477008
2019/03,1723,中碳,11,0.61,"1,480",0.01,-0.3704,TW0001723005
2019/03,2015,豐興,35,0.87,"2,111",0.01,2.0271,TW0002015005
2019/03,2204,中華,48,0.56,"1,359",0,17.7684,TW0002204005
2019/03,2330,台積電,201,20.33,"49,346",0,2.7196,TW0002330008
2019/03,2354,鴻準,94,2.38,"5,781",0.01,-2.5356,TW0002354008
2019/03,2355,敬鵬,26,0.41,995,0.01,-7.5244,TW0002355005
2019/03,2395,研華,27,2.85,"6,912",0,8.9359,TW0002395001
2019/03,2441,超豐,23,0.4,971,0,0.473,TW0002441003
2019/03,2451,創見,25,0.72,"1,747",0.01,1.7442,TW0002451002
2019/03,2454,聯發科,73,8.5,"20,623",0,0.8928,TW0002454006
2019/03,2455,全新,12,0.45,"1,092",0.01,28.0113,TW0002455003
2019/03,2458,義隆,21,0.77,"1,869",0.01,-1.0066,TW0002458007
2019/03,2474,可成,52,5.08,"12,324",0.01,1.2821,TW0002474004
2019/03,3008,大立光,6,11.91,"28,906",0,5.5046,TW0003008009
2019/03,3034,聯詠,40,3.26,"7,920",0.01,15.7894,TW0003034005
2019/03,3450,聯鈞,10,0.29,704,0.01,-6.4473,TW0003450003
2019/03,4137,麗豐-KY,4,0.49,"1,189",0.01,5.9351,KYG211641017
2019/03,5269,祥碩,3,0.7,"1,699",0.01,-3.5837,TW0005269005
2019/03,6269,台郡,21,0.8,"1,941",0.01,3.2259,TW0006269004
2019/03,6271,同欣電,12,0.51,"1,238",0.01,-2.3586,TW0006271000
2019/03,6415,矽力*-KY,5,0.95,"2,305",0.01,-16.9673,KYG8190F1028
2019/03,6452,康友-KY,4,0.39,946,0.01,13.3014,KYG7060F1019
2019/03,M1200,食品工業,,1.43,"3,470",,0.3339,
2019/03,M1300,塑膠工業,,28.7,"69,645",,4.7852,
2019/03,M1400,紡織纖維,,4.78,"11,599",,5.7758,
2019/03,M2000,鋼鐵工業,,0.87,"2,111",,0.2185,
2019/03,M2200,汽車工業,,0.56,"1,359",,9.3549,
2019/03,TT99,基金總規模,,,"242,666",,,
2019/02,1301,台塑,218,9.97,"22,345",0,0.4901,TW0001301000
2019/02,1303,南亞,257,8.82,"19,763",0,0.7865,TW0001303006
2019/02,1326,台化,204,9.6,"21,522",0,-0.939,TW0001326007
2019/02,2330,台積電,193,20.58,"46,127",0,8.1447,TW0002330008
2019/02,2354,鴻準,91,2.56,"5,742",0.01,6.588,TW0002354008
2019/02,2395,研華,26,2.73,"6,110",0,2.8447,TW0002395001
2019/02,2454,聯發科,70,8.75,"19,600",0,15.2262,TW0002454006
2019/02,2474,可成,50,5.22,"11,700",0.01,1.0801,TW0002474004
2019/02,3008,大立光,6,11.77,"26,369",0,15.3437,TW0003008009
2019/02,3034,聯詠,39,2.98,"6,669",0.01,8.2277,TW0003034005
2019/02,M1300,塑膠工業,,28.39,"63,625",,0.2911,
2019/02,TT99,基金總規模,,,"224,111",,,
2019/01,1301,台塑,219,10.55,"22,338",0,0.9901,TW0001301000
2019/01,1303,南亞,257,9.26,"19,609",0,1.0594,TW0001303006
2019/01,1326,台化,204,10.26,"21,726",0,1.4286,TW0001326007
2019/01,2330,台積電,193,20.14,"42,653",0,-1.9957,TW0002330008
2019/01,2354,鴻準,91,2.54,"5,387",0.01,-2.1489,TW0002354008
2019/01,2395,研華,26,2.8,"5,941",0,8.5512,TW0002395001
2019/01,2454,聯發科,70,8.03,"17,010",0,5.8823,TW0002454006
2019/01,2474,可成,50,5.46,"11,575",0.01,2.8887,TW0002474004
2019/01,3008,大立光,6,10.8,"22,884",0,17.5737,TW0003008009
2019/01,3034,聯詠,39,2.91,"6,162",0.01,11.2677,TW0003034005
2019/01,M1300,塑膠工業,,30.07,"63,697",,1.3673,
2019/01,TT99,基金總規模,,,"211,828",,,
2018/12,1227,佳格,31,0.73,"1,536",0,1.74,TW0001227007
2018/12,1229,聯華,53,0.74,"1,557",0.01,-2.6275,TW0001229003
2018/12,1301,台塑,223,10.71,"22,523",0,0.9998,TW0001301000
2018/12,1303,南亞,263,9.44,"19,857",0,1.6152,TW0001303006
2018/12,1326,台化,208,10.38,"21,840",0,-1.4085,TW0001326007
2018/12,1434,福懋,74,1.22,"2,557",0,2.8276,TW0001434009
2018/12,1476,儒鴻,14,2.32,"4,872",0.01,-10.0775,TW0001476000
2018/12,1477,聚陽,13,1.05,"2,210",0.01,-5.5557,TW0001477008
2018/12,1723,中碳,11,0.72,"1,515",0.01,5.3847,TW0001723005
2018/12,2015,豐興,34,0.95,"1,998",0.01,-0.6791,TW0002015005
2018/12,2204,中華,47,0.54,"1,136",0,5.4228,TW0002204005
2018/12,2330,台積電,197,21.12,"44,424",0,-0.0002,TW0002330008
2018/12,2354,鴻準,92,2.65,"5,566",0.01,-2.733,TW0002354008
2018/12,2355,敬鵬,26,0.45,947,0.01,-6.4852,TW0002355005
2018/12,2395,研華,27,2.7,"5,684",0,-9.8501,TW0002395001
2018/12,2441,超豐,23,0.47,989,0,2.7511,TW0002441003
2018/12,2451,創見,24,0.76,"1,599",0.01,-2.0528,TW0002451002
2018/12,2454,聯發科,72,7.85,"16,524",0,-3.3685,TW0002454006
2018/12,2455,全新,13,0.4,841,0.01,6.0756,TW0002455003
2018/12,2458,義隆,21,0.75,"1,578",0.01,6.5154,TW0002458007
2018/12,2474,可成,51,5.45,"11,475",0.01,-14.9339,TW0002474004
2018/12,3008,大立光,6,9.44,"19,856",0,-4.5995,TW0003008009
2018/12,3034,聯詠,40,2.7,"5,680",0.01,9.2307,TW0003034005
2018/12,3450,聯鈞,10,0.32,673,0.01,4.7845,TW0003450003
2018/12,4137,麗豐-KY,4,0.49,"1,031",0.01,5.9795,KYG211641017
2018/12,5269,祥碩,3,0.71,"1,494",0.01,1.6261,TW0005269005
2018/12,6269,台郡,20,0.71,"1,494",0.01,-7.5682,TW0006269004
2018/12,6271,同欣電,12,0.61,"1,283",0.01,-5.2864,TW0006271000
2018/12,6415,矽力*-KY,5,1.08,"2,265",0.01,-7.077,KYG8190F1028
2018/12,6452,康友-KY,3,0.22,463,0,-4.9998,KYG7060F1019
2018/12,M1200,食品工業,,1.47,"3,092",,-1.4283,
2018/12,M1300,塑膠工業,,30.53,"64,225",,0.0792,
2018/12,M1400,紡織纖維,,4.59,"9,656",,-2.7634,
2018/12,M2000,鋼鐵工業,,0.95,"1,998",,0.0765,
2018/12,M2200,汽車工業,,0.54,"1,136",,3.2764,
2018/12,TT99,基金總規模,,,"210,367",,,
2018/11,1301,台塑,215,10.44,"21,500",0,-0.9901,TW0001301000
2018/11,1303,南亞,253,9.13,"18,798",0,-3.3811,TW0001303006
2018/11,1326,台化,201,10.39,"21,407",0,-4.9107,TW0001326007
2018/11,1476,儒鴻,13,2.44,"5,031",0.01,5.306,TW0001476000
2018/11,2330,台積電,190,20.8,"42,845",0,-3.6324,TW0002330008
2018/11,2354,鴻準,89,2.69,"5,536",0.01,-5.183,TW0002354008
2018/11,2395,研華,26,2.95,"6,071",0,9.6245,TW0002395001
2018/11,2454,聯發科,69,7.96,"16,388",0,4.3956,TW0002454006
2018/11,2474,可成,49,6.29,"12,961",0.01,-15.0884,TW0002474004
2018/11,3008,大立光,6,9.74,"20,062",0,0.5971,TW0003008009
2018/11,M1300,塑膠工業,,29.96,"61,700",,-2.4004,
2018/11,M1400,紡織纖維,,2.44,"5,025",,0.152,
2018/11,TT99,基金總規模,,,"205,941",,,
2018/10,1301,台塑,225,10.41,"22,725",0,-13.675,TW0001301000
2018/10,1303,南亞,265,9.33,"20,379",0,-9.3161,TW0001303006
2018/10,1326,台化,210,10.77,"23,520",0,-12.5,TW0001326007
2018/10,2330,台積電,199,21.33,"46,566",0,-10.8573,TW0002330008
2018/10,2354,鴻準,93,2.79,"6,101",0.01,-11.9462,TW0002354008
2018/10,2395,研華,27,2.63,"5,751",0,-6.3737,TW0002395001
2018/10,2454,聯發科,72,7.5,"16,380",0,-7.7079,TW0002454006
2018/10,2474,可成,51,7.28,"15,887",0.01,-7.2916,TW0002474004
2018/10,3008,大立光,6,9.55,"20,850",0,-7.8404,TW0003008009
2018/10,3034,聯詠,40,2.5,"5,460",0.01,-9.6027,TW0003034005
2018/10,M1300,塑膠工業,,30.51,"66,621",,-12.5895,
2018/10,TT99,基金總規模,,,"218,359",,,
2018/09,1227,佳格,31,0.64,"1,564",0,-2.3076,TW0001227007
2018/09,1229,聯華,53,0.76,"1,858",0.01,-3.1551,TW0001229003
2018/09,1301,台塑,225,10.77,"26,325",0,4.0002,TW0001301000
2018/09,1303,南亞,265,9.19,"22,472",0,-0.7026,TW0001303006
2018/09,1326,台化,210,11,"26,880",0,4.0649,TW0001326007
2018/09,1434,福懋,74,1.13,"2,757",0,4.1957,TW0001434009
2018/09,1476,儒鴻,14,2.17,"5,292",0.01,1.3404,TW0001476000
2018/09,1477,聚陽,13,0.81,"1,980",0.01,-4.7167,TW0001477008
2018/09,1723,中碳,11,0.65,"1,589",0.01,1.3937,TW0001723005
2018/09,2015,豐興,34,0.84,"2,053",0.01,4.4828,TW0002015005
2018/09,2204,中華,48,0.5,"1,222",0,-0.5815,TW0002204005
2018/09,2330,台積電,199,21.37,"52,238",0,2.539,TW0002330008
2018/09,2354,鴻準,93,2.83,"6,929",0.01,-4.4869,TW0002354008
2018/09,2355,敬鵬,26,0.4,978,0.01,-0.7905,TW0002355005
2018/09,2395,研華,27,2.51,"6,143",0,8.8515,TW0002395001
2018/09,2441,超豐,23,0.47,"1,149",0,-3.6329,TW0002441003
2018/09,2451,創見,24,0.69,"1,686",0.01,-5.7874,TW0002451002
2018/09,2454,聯發科,72,7.26,"17,748",0,-1.988,TW0002454006
2018/09,2455,全新,13,0.4,978,0.01,-19.3856,TW0002455003
2018/09,2458,義隆,30,0.62,"1,515",0.01,-6.2613,TW0002458007
2018/09,2474,可成,51,7.01,"17,136",0.01,-7.6483,TW0002474004
2018/09,3008,大立光,6,9.26,"22,624",0,-22.7418,TW0003008009
2018/09,3034,聯詠,40,2.47,"6,040",0.01,0.3324,TW0003034005
2018/09,3450,聯鈞,10,0.29,709,0.01,-8.7601,TW0003450003
2018/09,4137,麗豐-KY,4,0.38,929,0.01,-16.0001,KYG211641017
2018/09,5269,祥碩,3,0.66,"1,613",0.01,0.5617,TW0005269005
2018/09,6269,台郡,21,0.74,"1,809",0.01,-12.5253,TW0006269004
2018/09,6271,同欣電,12,0.47,"1,149",0.01,14.2013,TW0006271000
2018/09,6415,矽力*-KY,5,1.13,"2,750",0.01,-9.0909,KYG8190F1028
2018/09,6452,康友-KY,3,0.57,"1,393",0,25.3387,KYG7060F1019
2018/09,M1200,食品工業,,1.4,"3,422",,1.3276,
2018/09,M1300,塑膠工業,,30.96,"75,673",,2.1432,
2018/09,M1400,紡織纖維,,4.11,"10,046",,-0.0891,
2018/09,M2000,鋼鐵工業,,0.84,"2,053",,4.1474,
2018/09,M2200,汽車工業,,0.5,"1,222",,-1.4976,
2018/09,TT99,基金總規模,,,"244,420",,,
2018/08,1301,台塑,214,10.04,"24,075",0,-0.0001,TW0001301000
2018/08,1303,南亞,252,8.97,"21,521",0,0.5889,TW0001303006
2018/08,1326,台化,199,10.21,"24,477",0,2.0746,TW0001326007
2018/08,2330,台積電,189,20.17,"48,384",0,4.0651,TW0002330008
2018/08,2354,鴻準,89,2.89,"6,942",0.01,2.7668,TW0002354008
2018/08,2395,研華,26,2.27,"5,434",0,3.2099,TW0002395001
2018/08,2454,聯發科,68,7.13,"17,102",0,-0.9842,TW0002454006
2018/08,2474,可成,49,7.69,"18,449",0.01,0.0002,TW0002474004
2018/08,3008,大立光,6,11.61,"27,839",0,-7.1756,TW0003008009
2018/08,3034,聯詠,38,2.38,"5,719",0.01,1.6892,TW0003034005
2018/08,M1300,塑膠工業,,29.22,"70,081",,0.5712,
2018/08,TT99,基金總規模,,,"239,839",,,
2018/07,1301,台塑,279,9.71,"31,388",0,5.3774,TW0001301000
2018/07,1303,南亞,329,8.64,"27,932",0,3.3666,TW0001303006
2018/07,1326,台化,261,9.73,"31,451",0,5.1364,TW0001326007
2018/07,2330,台積電,247,18.8,"60,762",0,13.6258,TW0002330008
2018/07,2354,鴻準,116,2.72,"8,804",0.01,6.5744,TW0002354008
2018/07,2395,研華,34,2.13,"6,885",0.01,4.2436,TW0002395001
2018/07,2454,聯發科,89,7,"22,606",0.01,-12.2263,TW0002454006
2018/07,2474,可成,64,7.46,"24,096",0.01,10.4109,TW0002474004
2018/07,3008,大立光,8,12.33,"39,835",0.01,14.6991,TW0003008009
2018/07,3034,聯詠,50,2.29,"7,400",0.01,13.2975,TW0003034005
2018/07,M1300,塑膠工業,,28.08,"90,747",,-1.1234,
2018/07,TT99,基金總規模,,,"323,172",,,
2018/06,1227,佳格,53,0.79,"3,276",0.01,0.8169,TW0001227007
2018/06,1229,聯華,82,0.75,"3,110",0.01,-1.4359,TW0001229003
2018/06,1301,台塑,380,10.31,"42,750",0.01,4.6511,TW0001301000
2018/06,1303,南亞,448,9.42,"39,066",0.01,4.1816,TW0001303006
2018/06,1326,台化,355,10.4,"43,133",0.01,5.6522,TW0001326007
2018/06,1434,福懋,126,1.01,"4,202",0.01,0,TW0001434009
2018/06,1476,儒鴻,23,2.01,"8,338",0.01,-0.9562,TW0001476000
2018/06,1477,聚陽,23,0.76,"3,152",0.01,1.1072,TW0001477008
2018/06,1723,中碳,19,0.68,"2,820",0.01,-4.1803,TW0001723005
2018/06,2015,豐興,58,0.82,"3,401",0.01,-0.5102,TW0002015005
2018/06,2204,中華,80,0.55,"2,281",0.01,-2.5772,TW0002204005
2018/06,2330,台積電,336,17.54,"72,744",0,0.1986,TW0002330008
2018/06,2354,鴻準,158,2.84,"11,787",0.01,1.0842,TW0002354008
2018/06,2355,敬鵬,44,0.41,"1,700",0.01,-2.771,TW0002355005
2018/06,2395,研華,46,2.23,"9,246",0.01,-0.9854,TW0002395001
2018/06,2441,超豐,38,0.5,"2,074",0.01,-0.3684,TW0002441003
2018/06,2451,創見,41,0.84,"3,484",0.01,-1.5133,TW0002451002
2018/06,2454,聯發科,122,8.83,"36,600",0.01,-3.6917,TW0002454006
2018/06,2455,全新,22,0.61,"2,530",0.01,6.4813,TW0002455003
2018/06,2458,義隆,50,0.63,"2,613",0.01,7.4226,TW0002458007
2018/06,2474,可成,87,7.15,"29,667",0.01,-2.1523,TW0002474004
2018/06,3008,大立光,11,11.41,"47,307",0.01,9.512,TW0003008009
2018/06,3034,聯詠,68,2.25,"9,350",0.01,1.4763,TW0003034005
2018/06,3450,聯鈞,16,0.4,"1,659",0.01,-2.8168,TW0003450003
2018/06,4137,麗豐-KY,7,0.5,"2,074",0.01,8.9909,KYG211641017
2018/06,5269,祥碩,4,0.47,"1,949",0.01,29.8669,TW0005269005
2018/06,6269,台郡,35,0.79,"3,276",0.01,8.2949,TW0006269004
2018/06,6271,同欣電,20,0.51,"2,115",0.01,-9.7874,TW0006271000
2018/06,6415,矽力*-KY,9,1.61,"6,669",0.01,8.0176,KYG8190F1028
2018/06,6452,康友-KY,6,0.55,"2,281",0.01,-2.2047,KYG7060F1019
2018/06,M1200,食品工業,,1.54,"6,387",,3.8327,
2018/06,M1300,塑膠工業,,30.13,"124,953",,3.9239,
2018/06,M1400,紡織纖維,,3.78,"15,676",,-0.3778,
2018/06,M2000,鋼鐵工業,,0.82,"3,401",,1.3993,
2018/06,M2200,汽車工業,,0.55,"2,281",,-1.9965,
2018/06,TT99,基金總規模,,,"414,714",,,
2018/05,1301,台塑,508,10.08,"54,610",0.01,2.8706,TW0001301000
2018/05,1303,南亞,598,9.24,"50,053",0.01,2.5736,TW0001303006
2018/05,1326,台化,474,10.06,"54,510",0.01,5.0227,TW0001326007
2018/05,2330,台積電,449,18.56,"100,576",0,-1.3216,TW0002330008
2018/05,2354,鴻準,211,2.87,"15,572",0.02,-0.1352,TW0002354008
2018/05,2395,研華,61,2.29,"12,383",0.01,-0.7334,TW0002395001
2018/05,2454,聯發科,162,9.31,"50,463",0.01,-8.3824,TW0002454006
2018/05,2474,可成,116,7.46,"40,426",0.02,5.2871,TW0002474004
2018/05,3008,大立光,14,10.64,"57,650",0.01,17.816,TW0003008009
2018/05,3034,聯詠,90,2.25,"12,195",0.01,8.3999,TW0003034005
2018/05,M1300,塑膠工業,,29.38,"159,200",,3.2477,
2018/05,TT99,基金總規模,,,"541,865",,,
2018/04,1227,佳格,195,2.29,"12,987",0.02,-1.7699,TW0001227007
2018/04,1301,台塑,724,13.34,"75,658",0.01,0.481,TW0001301000
2018/04,1303,南亞,902,12.98,"73,603",0.01,-0.0001,TW0001303006
2018/04,1476,儒鴻,58,3.68,"20,851",0.02,5.117,TW0001476000
2018/04,2330,台積電,523,20.93,"118,721",0,-8.2828,TW0002330008
2018/04,2354,鴻準,286,3.73,"21,135",0.02,-7.1607,TW0002354008
2018/04,2395,研華,115,4.15,"23,518",0.02,-2.6192,TW0002395001
2018/04,2454,聯發科,180,10.79,"61,200",0.01,-0.1468,TW0002454006
2018/04,2474,可成,88,5.14,"29,128",0.01,-7.0224,TW0002474004
2018/04,3034,聯詠,130,2.87,"16,250",0.02,-5.6604,TW0003034005
2018/04,M1200,食品工業,,2.29,"12,987",,2.3226,
2018/04,M1300,塑膠工業,,26.32,"149,266",,0.7319,
2018/04,M1400,紡織纖維,,3.68,"20,870",,3.7956,
2018/04,TT99,基金總規模,,,"567,121",,,